Nombre,Precio,Tipo,psu,Panel_Lateral,Volumen_Externo
Corsair 4000D Airflow,89.99,ATX Mid Tower,,Tinted Tempered Glass,48.6
NZXT H5 Flow,94.99,ATX Mid Tower,,Tempered Glass,47.0
NZXT H9 Flow,154.99,ATX Mid Tower,,Tempered Glass,66.9
NZXT H9 Flow,159.99,ATX Mid Tower,,Tempered Glass,66.9
Montech AIR 903 MAX,69.99,ATX Mid Tower,,Tempered Glass,54.2
Cooler Master MasterBox Q300L,39.99,MicroATX Mini Tower,,Acrylic,33.6
NZXT H6 Flow,100.99,ATX Mid Tower,,Tempered Glass,51.8
Montech AIR 100 ARGB,59.99,MicroATX Mid Tower,,Tempered Glass,
NZXT H6 Flow,109.99,ATX Mid Tower,,Tempered Glass,51.8
Montech X3 Mesh,59.9,ATX Mid Tower,,Tempered Glass,
NZXT H5 Flow,92.99,ATX Mid Tower,,Tempered Glass,47.0
Lian Li O11 Dynamic EVO,211.78,ATX Mid Tower,,Tempered Glass,60.8
Fractal Design North,139.99,ATX Mid Tower,,Tempered Glass,45.1
Silverstone ALTA F2,999.99,ATX Full Tower,,Tempered Glass,98.9
NZXT H6 Flow RGB,120.99,ATX Mid Tower,,Tempered Glass,51.8
Lian Li LANCOOL 216,99.99,ATX Mid Tower,,Tempered Glass,55.6
Corsair 3000D AIRFLOW,84.99,ATX Mid Tower,,Tempered Glass,49.5
Phanteks Eclipse G360A,59.99,ATX Mid Tower,,Tempered Glass,42.3
Deepcool CH370,59.99,MicroATX Mid Tower,,Tempered Glass,38.3
Lian Li O11 Vision,133.94,ATX Mid Tower,,Tempered Glass,67.8
Deepcool MATREXX 40,43.98,MicroATX Mini Tower,,Tempered Glass,
Fractal Design Terra,179.99,Mini ITX Desktop,,Mesh,11.4
Corsair iCUE 4000X RGB,144.99,ATX Mid Tower,,Tempered Glass,48.6
NZXT H6 Flow RGB,134.99,ATX Mid Tower,,Tempered Glass,51.8
Asus Prime AP201,130.3,MicroATX Mini Tower,,Mesh,33.0
SAMA Sama-S88-BK,41.98,ATX Mid Tower,,Tempered Glass,37.7
NZXT H7 Flow,123.99,ATX Mid Tower,,Tempered Glass,55.8
Lian Li PC-O11 Dynamic,119.99,ATX Full Tower,,Tempered Glass,54.0
Corsair 4000D Airflow,89.99,ATX Mid Tower,,Tinted Tempered Glass,48.6
Montech AIR 903 BASE,65.0,ATX Mid Tower,,Tempered Glass,54.2
Lian Li O11 Dynamic Mini Snow Edition,129.0,ATX Mid Tower,,Tempered Glass,43.0
Corsair 5000D AIRFLOW,129.99,ATX Mid Tower,,Tempered Glass,
Fractal Design Pop Air RGB,89.99,ATX Mid Tower,,Tempered Glass,46.2
HYTE Y60,174.99,ATX Mid Tower,,Tempered Glass,
Fractal Design Pop Air,79.99,ATX Mid Tower,,Tempered Glass,46.2
Fractal Design Pop Mini Air,89.99,MicroATX Mid Tower,,Tempered Glass,36.5
Lian Li O11 Dynamic EVO XL,229.99,ATX Full Tower,,Tempered Glass,84.4
Montech KING 95 PRO,149.0,ATX Mid Tower,,Tempered Glass,63.0
Lian Li O11 Vision,134.99,ATX Mid Tower,,Tempered Glass,67.8
Deepcool CC560 V2,59.99,ATX Mid Tower,,Tempered Glass,44.9
Lian Li O11D EVO RGB,159.99,ATX Mid Tower,,Tempered Glass,65.3
Fractal Design Focus G,59.98,ATX Mid Tower,,Acrylic,42.2
Cooler Master MasterBox NR200P,118.49,Mini ITX Desktop,,Tempered Glass,20.3
Cooler Master MasterBox NR200,99.11,Mini ITX Desktop,,,
NZXT H9 Elite,229.99,ATX Mid Tower,,Tempered Glass,66.9
Deepcool CC360 ARGB,59.99,MicroATX Mini Tower,,Tinted Tempered Glass,38.7
Phanteks NV5,99.99,ATX Mid Tower,,Tempered Glass,60.2
Montech AIR 903 MAX,79.0,ATX Mid Tower,,Tempered Glass,54.2
HYTE Y60 Snow White,174.99,ATX Mid Tower,,Tempered Glass,
NZXT H5 Flow RGB,119.99,ATX Mid Tower,,Tempered Glass,47.0
Fractal Design Terra,179.99,Mini ITX Desktop,,Mesh,11.4
Fractal Design Pop XL Air,109.97,ATX Full Tower,,Tempered Glass,62.4
Corsair 7000D AIRFLOW,229.99,ATX Full Tower,,Tempered Glass,81.8
Lian Li O11 Dynamic Mini,119.99,ATX Mid Tower,,Tempered Glass,43.0
Fractal Design North,139.99,ATX Mid Tower,,Tempered Glass,45.1
Fractal Design Meshify C,82.99,ATX Mid Tower,,Tinted Tempered Glass,40.6
Montech AIR 100 ARGB,66.9,MicroATX Mid Tower,,Tempered Glass,
Lian Li A4-H20 X4,151.47,Mini ITX Desktop,,Mesh,11.1
Lian Li O11 Dynamic EVO XL,229.99,ATX Full Tower,,Tempered Glass,84.4
NZXT H5 Flow RGB,107.98,ATX Mid Tower,,Tempered Glass,47.0
NZXT H9 Elite,229.99,ATX Mid Tower,,Tempered Glass,66.9
Montech SKY TWO,99.0,ATX Mid Tower,,Tempered Glass,45.3
Thermaltake Versa H18,51.99,MicroATX Mini Tower,,Tempered Glass,30.4
Asus Prime AP201,69.98,MicroATX Mini Tower,,Mesh,33.0
Lian Li LANCOOL 216,94.99,ATX Mid Tower,,Tempered Glass,55.6
be quiet! Pure Base 500DX,94.9,ATX Mid Tower,,Tempered Glass,48.3
Montech KING 95 PRO,159.0,ATX Mid Tower,,Tempered Glass,63.0
Corsair iCUE 4000D RGB AIRFLOW,129.99,ATX Mid Tower,,Tempered Glass,48.6
Fractal Design Pop Mini Air,86.99,MicroATX Mid Tower,,Tempered Glass,36.5
Fractal Design Ridge PCIe 4.0,129.99,Mini ITX Tower,,Mesh,16.3
Deepcool CH370,62.98,MicroATX Mid Tower,,Tempered Glass,38.3
Fractal Design North,139.99,ATX Mid Tower,,Mesh,45.1
Zalman S2,52.99,ATX Mid Tower,,Acrylic,38.4
Lian Li O11D EVO RGB,169.99,ATX Mid Tower,,Tempered Glass,65.3
NZXT H5 Elite,116.54,ATX Mid Tower,,Tempered Glass,47.0
Fractal Design North XL,179.99,ATX Full Tower,,Tinted Tempered Glass,61.4
Asus ROG Strix Helios,298.23,ATX Full Tower,,Tempered Glass,83.5
Fractal Design Terra,179.99,Mini ITX Desktop,,Mesh,11.4
NZXT H510i,89.99,ATX Mid Tower,,Tempered Glass,41.3
BitFenix Nova Mesh M ARGB,57.9,MicroATX Mini Tower,,Tempered Glass,31.6
Asus Prime AP201,87.99,MicroATX Mini Tower,,Tempered Glass,33.0
Lian Li LANCOOL 216,99.99,ATX Mid Tower,,Tempered Glass,55.6
MSI MAG FORGE 112R,59.99,ATX Mid Tower,,Tempered Glass,42.5
HYTE Y40,124.99,ATX Mid Tower,,Tempered Glass,49.7
Corsair iCUE 7000X RGB,299.99,ATX Full Tower,,Tempered Glass,81.8
SAMA IM01,55.9,MicroATX Mini Tower,,,21.9
Lian Li LANCOOL 205M MESH,78.98,MicroATX Mini Tower,,Tempered Glass,33.8
Fractal Design Pop Air,89.99,ATX Mid Tower,,Tempered Glass,46.2
Fractal Design Torrent,189.99,ATX Mid Tower,,Tinted Tempered Glass,69.8
Cooler Master MasterBox NR200,93.99,Mini ITX Desktop,,,
Phanteks NV5,109.99,ATX Mid Tower,,Tempered Glass,60.2
NZXT H7 Flow,106.17,ATX Mid Tower,,Tempered Glass,55.8
Phanteks XT PRO,59.99,ATX Mid Tower,,Tempered Glass,51.8
Corsair Obsidian Series 1000D,514.99,ATX Full Tower,,Tempered Glass,
Cooler Master MasterBox Q300L,43.98,MicroATX Mini Tower,,Acrylic,33.6
Cooler Master Cosmos Infinity 30th Anniversary,949.99,ATX Full Tower,,Tempered Glass,129.5
Corsair 2000D AIRFLOW,119.99,Mini ITX Tower,,Mesh,24.8
MUSETEX K2,112.99,ATX Mid Tower,,Tempered Glass,44.4
Fractal Design Focus 2,69.99,ATX Mid Tower,,,45.8
HYTE Y60,174.99,ATX Mid Tower,,Tempered Glass,
Montech X3 Mesh,63.9,ATX Mid Tower,,Tempered Glass,
Fractal Design Meshify C,99.99,ATX Mid Tower,,Tempered Glass,40.6
NZXT H510,95.99,ATX Mid Tower,,Tempered Glass,41.3
Phanteks Enthoo Pro,99.99,ATX Full Tower,,Acrylic,68.6
Cooler Master Q300L V2,58.99,MicroATX Mini Tower,,Tempered Glass,34.1
Cooler Master MasterBox TD500 Mesh V2,100.99,ATX Mid Tower,,Tempered Glass,52.4
Lian Li PC-O11 Dynamic,325.7,ATX Full Tower,,Tempered Glass,54.0
Lian Li A4-H20 A4,155.99,Mini ITX Desktop,,Mesh,11.1
Cooler Master MasterBox NR200P V2,124.99,Mini ITX Desktop,,Mesh,20.1
Corsair iCUE 5000D RGB AIRFLOW,184.99,ATX Mid Tower,,Tempered Glass,
Lian Li LANCOOL 215,89.99,ATX Mid Tower,,Tempered Glass,
MSI MPG GUNGNIR 110R,79.99,ATX Mid Tower,,Tempered Glass,
Corsair iCUE 4000X RGB,144.99,ATX Mid Tower,,Tempered Glass,48.6
Apevia PRISM,79.98,MicroATX Mid Tower,,Tempered Glass,35.4
Fractal Design North,139.99,ATX Mid Tower,,Mesh,45.1
Fractal Design Ridge PCIe 4.0,129.99,Mini ITX Tower,,Mesh,16.3
BitFenix Nova Mesh M ARGB,57.9,MicroATX Mini Tower,,Tempered Glass,31.6
NZXT H7 Flow RGB,154.99,ATX Mid Tower,,Tempered Glass,55.8
NZXT H5 Elite,139.99,ATX Mid Tower,,Tempered Glass,47.0
Fractal Design Define R5,124.99,ATX Mid Tower,,,54.2
Lian Li LANCOOL III RGB,155.99,ATX Mid Tower,,Tempered Glass,65.5
Thermaltake Core V1,54.98,Mini ITX Desktop,,,22.4
Deepcool MATREXX 40 3FS,73.98,MicroATX Mini Tower,,Tempered Glass,
Corsair 3000D RGB AIRFLOW,99.99,ATX Mid Tower,,Tempered Glass,49.5
KOLINK KLM-002,128.49,MicroATX Mini Tower,,,9.6
Asus TUF Gaming GT502,144.99,ATX Mid Tower,,Tempered Glass,57.2
Antec NX100,41.4,ATX Mid Tower,,Acrylic,37.7
NZXT H510,99.98,ATX Mid Tower,,Tempered Glass,41.3
Antec NX200M,54.99,MicroATX Mid Tower,,Tempered Glass,
Deepcool MACUBE 110,68.04,MicroATX Mini Tower,,Tempered Glass,38.8
NZXT H7 Flow,129.99,ATX Mid Tower,,Tempered Glass,55.8
Deepcool CH560,94.99,ATX Mid Tower,,Tempered Glass,49.6
GAMDIAS ARGUS M1,49.99,ATX Mid Tower,,Tempered Glass,43.5
Fractal Design Meshify 2 Mini,71.98,MicroATX Mid Tower,,Tinted Tempered Glass,33.0
Corsair 2500X,159.99,MicroATX Mini Tower,,Tempered Glass,54.8
Corsair 6500X,199.99,ATX Mid Tower,,Tempered Glass,78.3
HYTE Y70,219.99,ATX Mid Tower,,Tempered Glass,70.7
Montech SKY TWO,92.99,ATX Mid Tower,,Tempered Glass,45.3
be quiet! Pure Base 500 FX,129.9,ATX Mid Tower,,Tempered Glass,48.3
Thermaltake Versa H17,96.92,MicroATX Mini Tower,,,30.4
Asus Prime AP201,93.99,MicroATX Mini Tower,,Tempered Glass,33.0
Thermaltake S100,74.98,MicroATX Mini Tower,,Tempered Glass,
DIYPC F2,39.99,MicroATX Mini Tower,,Acrylic,
Lian Li O11 Vision Chrome,149.99,ATX Mid Tower,,Tinted Tempered Glass,67.8
MSI MAG FORGE 100R,152.14,ATX Mid Tower,,Tempered Glass,
Zalman P30,94.99,MicroATX Mini Tower,,Tempered Glass,45.7
Fractal Design Meshify 2 XL,204.99,ATX Full Tower,,Tinted Tempered Glass,81.5
Fractal Design North XL,179.99,ATX Full Tower,,Mesh,61.4
MUSETEX Y6,109.99,ATX Mid Tower,,Tempered Glass,40.9
Antec AX61 ELITE,62.99,ATX Mid Tower,,Tempered Glass,36.4
Thermaltake The Tower 300,149.99,MicroATX Mid Tower,,Tempered Glass,53.0
Deepcool CH560 DIGITAL,126.92,ATX Mid Tower,,Tempered Glass,49.6
Corsair iCUE 5000X RGB,214.99,ATX Mid Tower,,Tempered Glass,66.2
DIYPC DIY-S07,41.99,ATX Mid Tower,,Acrylic,27.5
Fractal Design Pop Air,79.99,ATX Mid Tower,,,46.2
Antec NX410,67.99,ATX Mid Tower,,Tempered Glass,39.7
Deepcool MACUBE 110,82.45,MicroATX Mini Tower,,Tempered Glass,38.8
Zalman T6,49.99,ATX Mid Tower,,,32.4
Fractal Design Node 804,124.99,MicroATX Mid Tower,,Acrylic,41.1
be quiet! Pure Base 500,77.98,ATX Mid Tower,,,46.0
MSI MAG PANO M100R PZ,104.0,MicroATX Mid Tower,,Tempered Glass,41.9
In Win Chopin MAX,129.0,Mini ITX Desktop,200.0,Mesh,4.4
Phanteks Enthoo Elite,899.99,ATX Full Tower,,Tinted Tempered Glass,124.5
Lian Li LANCOOL III,170.09,ATX Mid Tower,,Tempered Glass,65.5
SAMA SAMA-Z4,52.99,ATX Mid Tower,,Tempered Glass,39.2
HYTE Y40,124.99,ATX Mid Tower,,Tempered Glass,49.7
Fractal Design Pop Air,99.0,ATX Mid Tower,,Tempered Glass,46.2
HYTE Y40,127.5,ATX Mid Tower,,Tempered Glass,49.7
Corsair iCUE 4000D RGB AIRFLOW,129.99,ATX Mid Tower,,Tempered Glass,48.6
NZXT H510 Elite,169.99,ATX Mid Tower,,Tempered Glass,41.3
GAMDIAS APOLLO E2 ELITE,64.98,ATX Mid Tower,,Tempered Glass,
Fractal Design Meshify 2,159.99,ATX Mid Tower,,Tinted Tempered Glass,61.7
Fractal Design Node 304,105.99,Mini ITX Tower,,,19.5
Fractal Design Pop Mini Silent,79.99,MicroATX Mid Tower,,,36.5
Lian Li O11 Air Mini,119.99,ATX Mid Tower,,Tempered Glass,44.2
Corsair 6500X,199.99,ATX Mid Tower,,Tempered Glass,78.3
Antec DF700 FLUX,89.99,ATX Mid Tower,,Tempered Glass,49.9
HYTE Y70,219.99,ATX Mid Tower,,Tempered Glass,70.7
Deepcool CC560 V2,59.99,ATX Mid Tower,,Tempered Glass,44.9
Fractal Design Focus 2,69.99,ATX Mid Tower,,Tempered Glass,45.8
Deepcool MATREXX 50 ADD-RGB 4F,91.39,ATX Mid Tower,,Tempered Glass,44.5
Fractal Design Pop XL Air,109.99,ATX Full Tower,,Tempered Glass,62.4
Corsair 2500X,159.99,MicroATX Mini Tower,,Tempered Glass,54.8
Phanteks ECLIPSE G500A DRGB,119.99,ATX Mid Tower,,Tempered Glass,61.8
Phanteks XT PRO ULTRA,79.99,ATX Mid Tower,,Tempered Glass,51.8
Phanteks NV7,199.99,ATX Full Tower,,Tempered Glass,78.9
Thermaltake Versa H15,53.27,MicroATX Mid Tower,,,
Lian Li LANCOOL 205 Mesh C,124.99,ATX Mid Tower,,Tempered Glass,41.3
Cooler Master MasterBox TD500 Mesh White w/ Controller,96.99,ATX Mid Tower,,Tempered Glass,
Cooler Master TD300 Mesh,94.99,MicroATX Mini Tower,,Tempered Glass,
Lian Li PC-O11 Dynamic Razer,313.08,ATX Full Tower,,Tempered Glass,54.0
NZXT H7 Flow RGB,149.99,ATX Mid Tower,,Tempered Glass,55.8
Asus ProArt PA602,269.99,ATX Mid Tower,,Tempered Glass,81.4
Thermaltake Core V21,64.98,MicroATX Mini Tower,,Acrylic,45.6
Lian Li LANCOOL 205M MESH,89.99,MicroATX Mini Tower,,Tempered Glass,33.8
Zalman P30,92.99,MicroATX Mini Tower,,Tempered Glass,45.7
Fractal Design Meshify C,99.99,ATX Mid Tower,,Tempered Glass,40.6
Montech AIR 903 BASE,64.98,ATX Mid Tower,,Tempered Glass,54.2
Fractal Design Define 7,179.99,ATX Mid Tower,,,62.4
Corsair iCUE 5000D RGB AIRFLOW,184.99,ATX Mid Tower,,Tempered Glass,
MSI MPG VELOX 100R,121.0,ATX Mid Tower,,Tempered Glass,53.7
Fractal Design Pop Air,99.98,ATX Mid Tower,,Tempered Glass,46.2
HYTE REVOLT 3,149.99,Mini ITX Tower,700.0,Mesh,
Cooler Master MasterBox NR200P V2,124.99,Mini ITX Desktop,,Mesh,20.1
Jonsbo N3,156.0,Mini ITX Desktop,,,18.2
Thermaltake Versa H21,49.99,ATX Mid Tower,,,42.8
Asus TUF Gaming GT501,134.99,ATX Mid Tower,,Tempered Glass,75.5
Fractal Design Define 7 XL,224.99,ATX Full Tower,,,82.0
ZZEW A1 Plus,109.99,Mini ITX Tower,,Mesh,5.8
be quiet! Shadow Base 800 FX,179.9,ATX Mid Tower,,Tempered Glass,70.9
NZXT H7 Elite (2022),199.99,ATX Mid Tower,,Tempered Glass,55.8
Montech KING 95,89.99,ATX Mid Tower,,Tempered Glass,63.0
Fractal Design Torrent,189.99,ATX Mid Tower,,,69.8
Phanteks NV7,199.99,ATX Full Tower,,Tempered Glass,78.9
Corsair 2500D Airflow,159.99,MicroATX Mini Tower,,Tempered Glass,54.8
Cooler Master N200,59.99,MicroATX Mini Tower,,,33.8
Fractal Design Torrent RGB,229.99,ATX Mid Tower,,Tinted Tempered Glass,69.8
Phanteks Enthoo Pro 2,139.99,ATX Full Tower,,Tempered Glass,
Antec Performance 1 FT,134.99,ATX Full Tower,,Tempered Glass,62.7
Corsair 3000D AIRFLOW,89.99,ATX Mid Tower,,Tempered Glass,49.5
Cooler Master QUBE 500 Flatpack,74.56,ATX Mid Tower,,Tempered Glass,38.9
GameMax G563,43.96,ATX Mid Tower,,Acrylic,37.8
Thermaltake S200 TG ARGB,79.98,ATX Mid Tower,,Tempered Glass,38.2
MSI MAG PANO M100R PZ,104.0,MicroATX Mid Tower,,Tempered Glass,41.9
GameMax Infinity,62.97,ATX Mid Tower,,Tempered Glass,45.7
Deepcool CC360 ARGB,60.98,MicroATX Mini Tower,,Tinted Tempered Glass,38.7
Thermaltake The Tower 100,89.99,Mini ITX Tower,,Tempered Glass,
Fractal Design Meshify 2 Compact TG Light Tint,124.99,ATX Mid Tower,,Tempered Glass,42.3
DIYPC S3-BK-ARGB,54.99,ATX Mid Tower,,Tempered Glass,36.8
Jonsbo D31 MESH,84.99,MicroATX Mini Tower,,Tempered Glass,31.3
Corsair 4000D Airflow,175.93,ATX Mid Tower,850.0,Tempered Glass,48.6
Corsair iCUE 7000X RGB,299.99,ATX Full Tower,,Tempered Glass,81.8
Asus TUF Gaming GT301,84.99,ATX Mid Tower,,Tempered Glass,43.9
Thermaltake The Tower 200,129.99,Mini ITX Tower,,Tempered Glass,45.1
Fractal Design North XL,179.99,ATX Full Tower,,Tempered Glass,61.4
Fractal Design Core 1000 USB 3.0,47.99,MicroATX Mid Tower,,,25.8
Montech AIR 1000 PREMIUM,69.98,ATX Mid Tower,,Tempered Glass,
Phanteks NV9,244.99,ATX Full Tower,,Tempered Glass,99.0
Thermaltake The Tower 300,149.99,MicroATX Mid Tower,,Tempered Glass,53.0
Lian Li Lancool II Mesh C Performance,182.0,ATX Mid Tower,,Tempered Glass,54.1
NZXT H7 Elite (2022),199.99,ATX Mid Tower,,Tempered Glass,55.8
Phanteks EVOLV SHIFT XT,99.99,Mini ITX Desktop,,Tempered Glass,17.5
Lian Li Lancool II Mesh C RGB,129.0,ATX Mid Tower,,Tempered Glass,54.1
Deepcool CG560,116.6,ATX Mid Tower,,Tempered Glass,48.9
Zalman S3,54.99,ATX Mid Tower,,Acrylic,38.4
Fractal Design Torrent Compact RGB,169.99,ATX Mid Tower,,Tinted Tempered Glass,46.7
SSUPD Meshroom S w/PCIe 4.0 RIser,280.2,ATX Mini Tower,,Mesh,14.9
DIYPC ARGB Q10,72.97,ATX Mid Tower,,Tempered Glass,50.4
Lian Li LANCOOL 205 Mesh C,99.99,ATX Mid Tower,,Tempered Glass,41.3
Thermaltake V100 Perforated,47.99,ATX Mid Tower,,,
Montech AIR 1000 PREMIUM,69.98,ATX Mid Tower,,Tempered Glass,
Antec NX410,67.99,ATX Mid Tower,,Tempered Glass,39.7
Thermaltake Core V1,54.98,Mini ITX Desktop,,Acrylic,22.4
Deepcool CC560 ARGB,86.55,ATX Mid Tower,,Tempered Glass,41.7
Cooler Master MasterBox TD500 Mesh w/ Controller,99.99,ATX Mid Tower,,Tempered Glass,
Cooler Master N400,74.99,ATX Mid Tower,,,40.2
Fractal Design Pop XL Silent,99.99,ATX Full Tower,,,62.4
Phanteks Enthoo Pro Tempered Glass,110.99,ATX Full Tower,,Tinted Tempered Glass,69.1
Corsair iCUE 220T RGB Airflow,129.99,ATX Mid Tower,,Tempered Glass,37.3
Fractal Design Torrent Nano RGB,206.64,Mini ITX Tower,,Tinted Tempered Glass,34.6
Antec NX200M,54.99,MicroATX Mid Tower,,Tempered Glass,
Corsair iCUE 5000T RGB,319.99,ATX Mid Tower,,Tempered Glass,
Corsair 2000D RGB AIRFLOW,139.99,Mini ITX Tower,,Mesh,24.8
Fractal Design Core 1100,49.99,MicroATX Mini Tower,,,47.9
GameMax Infinity,63.94,ATX Mid Tower,,Tempered Glass,45.7
Corsair 6500D Airflow,199.99,ATX Mid Tower,,Tempered Glass,78.3
be quiet! Pure Base 500DX,89.9,ATX Mid Tower,,Tempered Glass,48.3
Cougar MX330-X,54.98,ATX Mid Tower,,,39.4
Thermaltake Versa H18,143.05,MicroATX Mini Tower,,Acrylic,30.4
Lian Li LANCOOL III RGB,159.99,ATX Mid Tower,,Tempered Glass,65.5
DIYPC F2,39.95,MicroATX Mini Tower,,Acrylic,
Lian Li V3000 PLUS,499.99,ATX Full Tower,,Tempered Glass,127.6
Thermaltake V250 TG ARGB,79.98,ATX Mid Tower,,Tempered Glass,
Cougar MX330-G,53.99,ATX Mid Tower,,Tempered Glass,39.4
MSI MPG GUNGNIR 300R AIRFLOW,139.0,ATX Mid Tower,,Tempered Glass,60.5
Corsair 3000D RGB AIRFLOW,119.99,ATX Mid Tower,,Tempered Glass,49.5
Fractal Design Meshify 2,149.99,ATX Mid Tower,,,61.7
DIYPC Silence,55.99,ATX Mid Tower,,Acrylic,
Lian Li Lancool II Mesh,198.0,ATX Mid Tower,,Tempered Glass,54.1
GAMDIAS AURA GC1,55.43,ATX Mid Tower,,Tempered Glass,31.1
Montech KING 95,99.99,ATX Mid Tower,,Tempered Glass,63.0
Jonsbo C6,50.0,MicroATX Mini Tower,,Mesh,15.9
Cooler Master Elite 500 ODD,110.15,ATX Mid Tower,,,43.1
Cooler Master MasterBox NR600 (w/o ODD),89.99,ATX Mid Tower,,Tempered Glass,47.3
Antec P20C,74.99,ATX Mid Tower,,Tempered Glass,50.6
Corsair 5000D AIRFLOW,149.99,ATX Mid Tower,,Tempered Glass,
Phanteks Enthoo Pro 2,124.99,ATX Full Tower,,,
be quiet! Silent Base 802,154.9,ATX Mid Tower,,Tempered Glass,83.8
Thermaltake S100 Snow Edition,67.51,MicroATX Mini Tower,,Tempered Glass,
Corsair 7000D AIRFLOW,229.99,ATX Full Tower,,Tempered Glass,81.8
MUSETEX NN8,89.99,ATX Mid Tower,,Tempered Glass,39.5
Asus ROG Strix Helios EVA Edition,799.99,ATX Full Tower,,Tinted Tempered Glass,83.5
Cooler Master QUBE 500 Flatpack,70.99,ATX Mid Tower,,Tempered Glass,38.9
HYTE Y60,174.99,ATX Mid Tower,,Tempered Glass,
Cougar Archon 2 Mesh RGB,59.99,ATX Mid Tower,,Tempered Glass,37.5
Fractal Design Focus 2 RGB,79.95,ATX Mid Tower,,Tempered Glass,45.8
Thermaltake S200 TG ARGB,79.99,ATX Mid Tower,,Tempered Glass,38.2
Lian Li O11D XL-W,239.0,ATX Full Tower,,Tempered Glass,68.9
Corsair 2000D AIRFLOW,110.39,Mini ITX Tower,,Mesh,24.8
Asus TUF Gaming GT502,149.99,ATX Mid Tower,,Tempered Glass,57.2
MagniumGear NEO QUBE 2,69.99,ATX Mid Tower,,Tempered Glass,101.1
Cougar Archon 2 Mesh RGB,61.8,ATX Mid Tower,,Tempered Glass,37.5
Lian Li LANCOOL II-W,79.99,ATX Mid Tower,,Tempered Glass,
Fractal Design Torrent Nano,199.18,Mini ITX Tower,,Tempered Glass,34.6
MUSETEX â€ŽTW8-S6 Mesh,84.99,ATX Mid Tower,,Tempered Glass,39.5
Fractal Design Focus G,58.99,ATX Mid Tower,,Acrylic,42.2
Phanteks Enthoo Pro,99.99,ATX Full Tower,,,68.6
DIYPC DIY-S08,46.98,ATX Mid Tower,,Tempered Glass,33.2
DIYPC DIY-S08,45.93,ATX Mid Tower,,Tempered Glass,33.2
Fractal Design Meshify C,89.99,ATX Mid Tower,,,40.6
Fractal Design Torrent,189.99,ATX Mid Tower,,Tempered Glass,69.8
Deepcool CH560 DIGITAL,114.99,ATX Mid Tower,,Tempered Glass,49.6
APNX Creator C1,149.9,ATX Mid Tower,,Tempered Glass,53.6
DIYPC F2,38.98,MicroATX Mini Tower,,Acrylic,
Fractal Design North XL,179.99,ATX Full Tower,,Mesh,61.4
Phanteks NV9,239.99,ATX Full Tower,,Tempered Glass,99.0
Lian Li Lancool II Mesh C RGB,189.45,ATX Mid Tower,,Tempered Glass,54.1
Jonsbo D31 MESH,86.99,MicroATX Mini Tower,,Tempered Glass,31.3
GAMDIAS TALOS E3 MESH,59.99,ATX Mid Tower,,Tempered Glass,34.1
Silverstone SG13 V2,64.98,Mini ITX Tower,,,11.5
Corsair 4000D,94.99,ATX Mid Tower,,Tempered Glass,48.6
Thermaltake Ceres 300 TG ARGB,89.99,ATX Mid Tower,,Tempered Glass,53.9
GameMax M60,46.98,MicroATX Mid Tower,,Mesh,29.4
Deepcool CH780,129.99,ATX Full Tower,,Tempered Glass,72.7
Fractal Design Torrent Nano,223.62,Mini ITX Tower,,Tinted Tempered Glass,34.6
Corsair iCUE 220T RGB Airflow,104.99,ATX Mid Tower,,Tempered Glass,37.3
Corsair iCUE 5000X RGB QL Edition,347.36,ATX Mid Tower,,Tempered Glass,66.2
Corsair 275R Airflow,298.54,ATX Mid Tower,,Tempered Glass,
Thermaltake Core W200,506.86,ATX Full Tower,,Acrylic,
Fractal Design Focus G Mini,58.99,MicroATX Mini Tower,,Acrylic,36.4
DIYPC DIY-S08,51.98,ATX Mid Tower,,Tempered Glass,33.2
Thermaltake View 91,504.98,ATX Full Tower,,Tempered Glass,
Apex DM-387,83.99,HTPC,275.0,,12.8
Fractal Design Pop Air,89.99,ATX Mid Tower,,Tempered Glass,46.2
Thermaltake Tower 900 Snow Edition,234.98,ATX Full Tower,,Tempered Glass,153.6
Jonsbo TK-1,158.0,MicroATX Mini Tower,,Tempered Glass,32.0
GameMax MeshBox Pro,49.97,ATX Mid Tower,,Mesh,33.5
MSI MAG FORGE 100M,233.53,ATX Mid Tower,,Tempered Glass,44.1
Fractal Design Pop Silent,79.99,ATX Mid Tower,,,46.2
Fractal Design Define 7 XL Dark,234.99,ATX Full Tower,,Tinted Tempered Glass,82.0
Phanteks ECLIPSE G500A DRGB,99.99,ATX Mid Tower,,Tempered Glass,61.8
HYTE Y70,219.99,ATX Mid Tower,,Tempered Glass,70.7
Thermaltake Tower 900,257.98,ATX Full Tower,,Tempered Glass,153.6
Fractal Design Pop Air,89.99,ATX Mid Tower,,Tempered Glass,46.2
Asus GX601,309.99,ATX Full Tower,,Tempered Glass,83.5
Fractal Design Core 2300,70.34,ATX Mid Tower,,,37.8
Thermaltake V250 TG ARGB Air,83.14,ATX Mid Tower,,Tempered Glass,44.4
Corsair Carbide Series 175R RGB,81.04,ATX Mid Tower,,Tempered Glass,
MagniumGear Neo Air 2,69.99,ATX Mid Tower,,Tempered Glass,41.9
Deepcool CH360,84.99,MicroATX Mid Tower,,Tempered Glass,39.7
CiT Seven,85.21,MicroATX Mid Tower,,Acrylic,
Asus A21,149.49,MicroATX Mini Tower,,Tempered Glass,44.0
Lian Li O11D XL-X,222.99,ATX Full Tower,,Tempered Glass,68.9
Antec C8,124.99,ATX Mid Tower,,Tempered Glass,66.9
Antec NX500M,69.98,MicroATX Mini Tower,,Tempered Glass,34.6
Cooler Master MasterBox MB311L ARGB,94.99,MicroATX Mid Tower,,Tempered Glass,
be quiet! Pure Base 600,110.38,ATX Mid Tower,,,50.9
Montech AIR 100 LITE,86.64,MicroATX Mid Tower,,Tempered Glass,
Cooler Master MasterBox TD500 Mesh V2,99.99,ATX Mid Tower,,Tempered Glass,52.4
Cooler Master MasterCase H500M,176.4,ATX Mid Tower,,Tempered Glass,73.7
Apevia PRISM,79.98,MicroATX Mid Tower,,Tempered Glass,35.4
Lian Li LANCOOL III,134.99,ATX Mid Tower,,Tempered Glass,65.5
Silverstone FARA H1M,62.99,MicroATX Mini Tower,,Tempered Glass,30.1
Fractal Design Focus 2 RGB,111.54,ATX Mid Tower,,Tempered Glass,45.8
Phanteks Eclipse P600S,104.99,ATX Mid Tower,,Tinted Tempered Glass,
Thermaltake The Tower 500,127.99,ATX Mid Tower,,Tempered Glass,93.9
Deepcool CK560,98.17,ATX Mid Tower,,Tempered Glass,
Thermaltake View 200 TG ARGB,79.98,ATX Mid Tower,,Tempered Glass,38.2
Cougar MX331 MESH-X,48.99,ATX Mid Tower,,,43.5
Fractal Design Meshify 2 Nano,109.82,Mini ITX Tower,,Tempered Glass,29.3
Thermaltake Core P3 TG Pro,139.99,ATX Mid Tower,,Tempered Glass,71.7
Corsair Crystal Series 680X RGB,274.99,ATX Mid Tower,,Tempered Glass,
teenage engineering Computer-1,99.0,Mini ITX Desktop,,,10.4
Fractal Design Meshify 2 RGB,174.99,ATX Mid Tower,,Tempered Glass,61.7
Silverstone SG05-LITE,69.45,Mini ITX Desktop,,,10.7
be quiet! Silent Base 802,165.54,ATX Mid Tower,,,83.8
GAMDIAS NESO P1,149.99,ATX Full Tower,,Tempered Glass,75.2
Cooler Master MasterBox 520 Mesh,91.99,ATX Mid Tower,,Tempered Glass,52.5
Fractal Design Define 7 Mini,109.99,MicroATX Mini Tower,,,33.2
Phanteks ECLIPSE G500A DRGB (Fanless),89.99,ATX Mid Tower,,Tempered Glass,61.8
Fractal Design Define 7 Compact,114.99,ATX Mid Tower,,,42.5
Corsair 2500D Airflow,159.99,MicroATX Mini Tower,,Tempered Glass,54.8
Fractal Design Meshify 2 Compact,132.16,ATX Mid Tower,,,42.3
Jonsbo D41 Mesh,94.99,ATX Mid Tower,,Tempered Glass,35.4
be quiet! Pure Base 500,79.9,ATX Mid Tower,,Tempered Glass,46.0
Antec P101 Silent,109.99,ATX Mid Tower,,,
Corsair iCUE 5000X RGB,184.99,ATX Mid Tower,,Tempered Glass,
Fractal Design Torrent Compact,244.76,ATX Mid Tower,,,46.7
Phanteks XT PRO ULTRA,79.99,ATX Mid Tower,,Tempered Glass,51.8
HYTE REVOLT 3,129.99,Mini ITX Tower,,Mesh,
Deepcool MORPHEUS,187.98,ATX Full Tower,,Tempered Glass,72.7
In Win CE685.FH300TB3,114.55,MicroATX Slim,300.0,,11.8
Lian Li LANCOOL 205 Mesh C,104.99,ATX Mid Tower,,Tempered Glass,41.3
Vetroo AL-MESH-7C,69.98,ATX Mid Tower,,Tempered Glass,40.9
MSI MEG PROSPECT 700R,374.0,ATX Mid Tower,,Tempered Glass,80.7
Lian Li LANCOOL 215,99.99,ATX Mid Tower,,Tempered Glass,
MSI MPG GUNGNIR 110R,89.99,ATX Mid Tower,,Tempered Glass,
Cooler Master TD300 Mesh,83.0,MicroATX Mini Tower,,Tempered Glass,
Gigabyte C301 GLASS,84.99,ATX Mid Tower,,Tempered Glass,50.6
Cooler Master HAF 500,97.99,ATX Mid Tower,,Tempered Glass,
HYTE Y40,127.5,ATX Mid Tower,,Tempered Glass,49.7
Fractal Design Focus G,58.99,ATX Mid Tower,,Acrylic,42.2
HYTE REVOLT 3,129.99,Mini ITX Tower,,Mesh,
Deepcool CH780,149.99,ATX Full Tower,,Tempered Glass,72.7
Thermaltake The Tower 200,124.99,Mini ITX Tower,,Tempered Glass,45.1
Gigabyte C200 Glass,75.45,ATX Mid Tower,,Tempered Glass,43.8
iBuypower Snowblind S,199.0,ATX Mid Tower,,Tempered Glass,43.0
Antec VSK4000E U3,72.27,ATX Mid Tower,,,
Montech SKY TWO,99.99,ATX Mid Tower,,Tempered Glass,45.3
be quiet! Shadow Base 800,139.9,ATX Mid Tower,,Tempered Glass,70.9
Lian Li O11 Dynamic Mini,140.0,ATX Mid Tower,,Tempered Glass,43.0
Thermaltake Level 20,754.96,ATX Full Tower,,Tempered Glass,141.0
Corsair iCUE 5000T RGB,319.99,ATX Mid Tower,,Tempered Glass,
Deepcool CH560,89.99,ATX Mid Tower,,Tempered Glass,49.6
be quiet! Shadow Base 800 DX,149.9,ATX Mid Tower,,Tempered Glass,70.9
BGears b-Masstige,46.99,MicroATX Mini Tower,,Tempered Glass,28.2
Silverstone SG13,70.2,Mini ITX Tower,,,11.5
Antec VSK3000E U3,87.02,MicroATX Mini Tower,,,24.8
MSI MAG VAMPIRIC 100R,58.31,ATX Mid Tower,,Tempered Glass,36.5
MSI MAG VAMPIRIC 010,169.88,ATX Mid Tower,,Tempered Glass,41.9
Antec C8,119.99,ATX Mid Tower,,Tempered Glass,66.9
Corsair 4000D Airflow,179.97,ATX Mid Tower,850.0,Tempered Glass,48.6
Corsair 6500D Airflow,199.99,ATX Mid Tower,,Tempered Glass,78.3
Thermaltake View 200 TG ARGB,59.99,ATX Mid Tower,,Tempered Glass,38.2
BitFenix FLOW,69.9,ATX Mid Tower,,Tempered Glass,42.3
Asus TUF Gaming GT501,139.99,ATX Mid Tower,,Tempered Glass,75.5
Deepcool CK560,66.98,ATX Mid Tower,,Tempered Glass,
Deepcool MATREXX 55 V3 ADD-RGB 3F,117.98,ATX Mid Tower,,Tempered Glass,
Deepcool CH360 DIGITAL,99.99,MicroATX Mid Tower,,Tempered Glass,39.7
Lian Li V3000 PLUS White GGF Edition,349.99,ATX Full Tower,,Tempered Glass,127.6
In Win BM639.AD160TBL,82.95,Mini ITX Tower,,,6.8
Cougar MX330,56.0,ATX Mid Tower,,Acrylic,39.4
Silverstone GD09B,121.57,HTPC,,,26.5
NZXT H7 Elite (2023),153.61,ATX Mid Tower,,Tempered Glass,55.8
Zalman S2,54.99,ATX Mid Tower,,Tempered Glass,38.4
Silverstone Sugo 16,84.99,Mini ITX Tower,,,13.0
be quiet! Pure Base 600,89.9,ATX Mid Tower,,Tempered Glass,50.9
Cooler Master HAF 700,299.99,ATX Full Tower,,Tempered Glass,83.6
Razer Tomahawk Mini-ITX,137.99,Mini ITX Tower,,Tinted Tempered Glass,
HYTE Y60 Hakos Baelz,280.0,ATX Mid Tower,,Tempered Glass,
Cougar Duoface Pro RGB,104.54,ATX Mid Tower,,Tempered Glass,55.4
Fractal Design Meshify 2,159.99,ATX Mid Tower,,Tinted Tempered Glass,61.7
GAMDIAS NESO P1,149.99,ATX Full Tower,,Tempered Glass,75.2
Fractal Design Torrent RGB,229.99,ATX Mid Tower,,Tempered Glass,69.8
Vetroo AL600,74.98,ATX Mid Tower,,Tempered Glass,41.7
Zalman S4,53.99,ATX Mid Tower,,Tinted Acrylic,
Cooler Master MasterBox MB320L ARGB,87.76,MicroATX Mini Tower,,Tempered Glass,38.8
Apevia Prism Elite,109.99,ATX Mid Tower,,Tempered Glass,47.9
be quiet! Dark Base 701,221.99,ATX Mid Tower,,Tempered Glass,73.6
DIYPC Rainbow-Flash-F4,54.97,ATX Mid Tower,,Tempered Glass,33.2
Fractal Design Focus G,58.99,ATX Mid Tower,,Acrylic,42.2
MSI MPG GUNGNIR 120R,89.99,ATX Mid Tower,,Tempered Glass,45.5
Phanteks Evolv X,169.99,ATX Mid Tower,,Tinted Tempered Glass,64.9
Deepcool CH510,128.26,ATX Mid Tower,,Tempered Glass,47.1
Corsair 5000D CORE AIRFLOW,139.99,ATX Mid Tower,,Tempered Glass,66.2
Silverstone MILO 11,72.98,MicroATX Desktop,,,10.3
Fractal Design Torrent Compact,153.61,ATX Mid Tower,,Tinted Tempered Glass,46.7
DIYPC Rainbow-Flash-F4,75.98,ATX Mid Tower,,Tempered Glass,33.2
Cooler Master Cosmos C700M,549.99,ATX Full Tower,,Tempered Glass,
Thermaltake The Tower 100 Snow,104.98,Mini ITX Tower,,Tempered Glass,
NZXT H7,107.98,ATX Mid Tower,,Tempered Glass,55.8
NZXT H7 Elite (2023),174.34,ATX Mid Tower,,Tempered Glass,55.8
Lian Li O11D XL-A,199.99,ATX Full Tower,,Tempered Glass,68.9
Fractal Design Meshify 2 XL,204.99,ATX Full Tower,,Tinted Tempered Glass,81.5
Jonsbo TK-2 2.0,176.0,ATX Mid Tower,,Tempered Glass,53.2
Antec AX90,79.98,ATX Mid Tower,,Tempered Glass,48.3
Corsair Crystal 280X RGB,274.45,MicroATX Mid Tower,,Tempered Glass,
Cooler Master CMP 320,77.37,MicroATX Mid Tower,,Tempered Glass,38.6
GameMax MeshBox,49.97,ATX Mid Tower,,Mesh,33.5
Gigabyte AORUS C500 GLASS,234.99,ATX Mid Tower,,Tempered Glass,116.6
Jonsbo C6 Handle,65.0,MicroATX Mini Tower,,Mesh,15.9
Thermaltake Ceres 300 TG ARGB,112.63,ATX Mid Tower,,Tempered Glass,53.9
Silverstone SUGO 15,195.72,Mini ITX Desktop,,,19.1
Silverstone GD11,168.99,HTPC,,,30.9
Thermaltake Ceres 500,139.99,ATX Mid Tower,,Tempered Glass,65.3
Cooler Master MasterCase H500 ARGB,138.99,ATX Mid Tower,,Tempered Glass,
YEYIAN Hussar,64.98,MicroATX Mini Tower,,Tempered Glass,26.6
Phanteks Enthoo Pro 2 Server Edition,169.99,ATX Full Tower,,Tempered Glass,78.0
Cooler Master MasterBox NR400 (w/ODD),126.13,MicroATX Mid Tower,,Tempered Glass,35.5
GAMDIAS TALOS E3 WH,59.99,ATX Mid Tower,,Tempered Glass,
Deepcool MATREXX 55 V3 ADD-RGB WH 3F,99.47,ATX Mid Tower,,Tempered Glass,
Thermaltake View 71 TG RGB,219.99,ATX Full Tower,,Acrylic,
HYTE Y70,219.99,ATX Mid Tower,,Tempered Glass,70.7
be quiet! Dark Base 700,149.9,ATX Mid Tower,,Tempered Glass,
GameMax Master M905,109.99,ATX Full Tower,,Tempered Glass,53.8
Fractal Design Focus 2,63.92,ATX Mid Tower,,Tempered Glass,45.8
Apevia Guardian-M,76.98,ATX Mid Tower,,Tempered Glass,39.5
Azza Sanctum,349.99,ATX Desktop,,Tempered Glass,76.9
MSI MPG GUNGNIR 111R,174.45,ATX Mid Tower,,Tempered Glass,44.4
Deepcool CH510 MESH DIGITAL,102.99,ATX Mid Tower,,Tempered Glass,49.2
Corsair iCUE 4000D RGB Airflow QL Edition,249.99,ATX Mid Tower,,Tempered Glass,48.6
Thermaltake Core P3 TG Pro Snow,139.99,ATX Mid Tower,,Tempered Glass,71.7
MSI MPG GUNGNIR 300R AIRFLOW,149.0,ATX Mid Tower,,Tempered Glass,60.5
Cooler Master QUBE 500 Flatpack Macaron Edition,112.31,ATX Mid Tower,,Tempered Glass,38.9
Antec DF600 FLUX,84.99,ATX Mid Tower,,Tempered Glass,
Fractal Design Meshify 2 RGB,114.99,ATX Mid Tower,,Tempered Glass,61.7
Corsair 2000D RGB AIRFLOW,159.99,Mini ITX Tower,,Mesh,24.8
Montech KING 95 PRO,169.0,ATX Mid Tower,,Tempered Glass,63.0
RAIJINTEK Silenos,52.52,ATX Mid Tower,,Tempered Glass,39.8
Fractal Design Meshify 2 Compact TG Dark Tint,134.83,ATX Mid Tower,,Tinted Tempered Glass,42.3
Phanteks Eclipse P400,118.1,ATX Mid Tower,,Tinted Tempered Glass,45.9
Thermaltake CTE C750 Air ARGB,179.99,ATX Full Tower,,Tempered Glass,110.7
be quiet! Shadow Base 800 FX,169.9,ATX Mid Tower,,Tempered Glass,70.9
Phanteks ECLIPSE G500A Performance,129.98,ATX Mid Tower,,Tempered Glass,61.8
BitFenix Nova Mesh SE,69.9,ATX Mid Tower,,Tempered Glass,36.1
Thermaltake Core P3,134.97,ATX Mid Tower,,Tempered Glass,80.1
NZXT H510i,158.09,ATX Mid Tower,,Tempered Glass,41.3
Silverstone SUGO 14,153.11,Mini ITX Desktop,,,19.5
ADATA XPG INVADER X,169.0,ATX Mid Tower,,Tempered Glass,52.1
BGears b-Pellucid,59.99,MicroATX Mini Tower,,Tinted Tempered Glass,36.6
Zalman S3,56.99,ATX Mid Tower,,Tempered Glass,38.4
APNX Creator C1,155.9,ATX Mid Tower,,Tempered Glass,53.6
Fractal Design Define 7 Dark,189.99,ATX Mid Tower,,Tinted Tempered Glass,62.4
Vetroo M03,59.99,MicroATX Mini Tower,,Tempered Glass,36.1
MSI MPG VELOX 100R,104.0,ATX Mid Tower,,Tempered Glass,53.7
CiT MTX-007B,71.98,Mini ITX Desktop,180.0,,5.1
Zalman Z1 Iceberg,59.99,MicroATX Mid Tower,,Tempered Glass,38.5
Fractal Design Torrent,220.74,ATX Mid Tower,,Tinted Tempered Glass,69.8
DIYPC MA08,45.94,MicroATX Mini Tower,,,20.5
Antec P20C ARGB,101.72,ATX Mid Tower,,Tempered Glass,50.6
Fractal Design Meshify 2,289.0,ATX Mid Tower,,Tempered Glass,61.7
Thermaltake CTE T500 Air,139.99,ATX Full Tower,,Tempered Glass,87.3
Antec NX416L,89.99,ATX Mid Tower,,Tempered Glass,49.9
Fractal Design Define 7 XL Light,439.41,ATX Full Tower,,Tempered Glass,82.0
Vetroo AL600,74.98,ATX Mid Tower,,Tempered Glass,41.7
NZXT H7,181.11,ATX Mid Tower,,Tempered Glass,55.8
Fractal Design Pop Mini Silent,100.0,MicroATX Mid Tower,,Tempered Glass,36.5
Cooler Master Cosmos C700P Black Edition,482.42,ATX Full Tower,,Tempered Glass,127.3
MagniumGear Neo Air 2,69.99,ATX Mid Tower,,Tempered Glass,41.9
Cooler Master MasterBox MB511 ARGB,129.31,ATX Mid Tower,,Tempered Glass,
Corsair Crystal Series 680X RGB,465.0,ATX Mid Tower,,Tempered Glass,
In Win CJ712,104.71,MicroATX Desktop,265.0,,8.0
be quiet! Pure Base 500,79.9,ATX Mid Tower,,,46.0
KOLINK Horizon,235.39,ATX Mid Tower,,Tempered Glass,42.9
Apevia Prism Elite,109.99,ATX Mid Tower,,Tempered Glass,47.9
Cooler Master HAF 500,88.99,ATX Mid Tower,,Tempered Glass,
Silverstone CS382,249.99,ATX Mid Tower,,,39.6
Cougar Duoface RGB,81.99,ATX Mid Tower,,Tempered Glass,43.6
Fractal Design Focus G,58.99,ATX Mid Tower,,Acrylic,42.2
Lian Li TU150,150.0,Mini ITX Desktop,,Tempered Glass,23.8
Phanteks Enthoo Pro 2 Server Edition,149.99,ATX Full Tower,,,78.0
RAIJINTEK OPHION EVO,160.18,Mini ITX Desktop,,Acrylic,
G.Skill LT1,69.98,MicroATX Mini Tower,,Tempered Glass,35.0
Fractal Design Meshify 2 Nano,112.0,Mini ITX Tower,,Tempered Glass,29.3
Montech KING 95 PRO,169.0,ATX Mid Tower,,Tempered Glass,63.0
Cooler Master MasterBox MB600L V2 w/ODD,155.99,ATX Mid Tower,,,42.7
Antec Dark League DF800 FLUX,84.99,ATX Mid Tower,,Tempered Glass,
Silverstone SG13 V2,64.56,Mini ITX Tower,,,11.5
Antec Performance 1 FT,134.99,ATX Full Tower,,Tempered Glass,62.7
Cooler Master Silencio S400,118.1,MicroATX Mini Tower,,,
Lian Li Lancool II Mesh,229.0,ATX Mid Tower,,Tempered Glass,54.1
RAIJINTEK PAEAN MINI,69.9,Mini ITX Tower,,Tempered Glass,26.0
BGears b-Voguish,55.99,ATX Mid Tower,,Tempered Glass,
Jonsbo D300,136.0,MicroATX Mid Tower,,Tempered Glass,45.8
Thermaltake Divider 170 TG ARGB,84.98,MicroATX Mid Tower,,Tempered Glass,36.5
Antec DF700 FLUX,94.99,ATX Mid Tower,,Tempered Glass,49.9
Cooler Master MB600L ODD,79.98,ATX Mid Tower,,Acrylic,
Fractal Design Meshify 2 Compact Lite,231.14,ATX Mid Tower,,Tinted Tempered Glass,42.3
Cougar MX330-G Pro,124.13,ATX Mid Tower,,Tempered Glass,49.1
Thermaltake The Tower 500,139.99,ATX Mid Tower,,Tempered Glass,93.9
Fractal Design Torrent Compact,337.77,ATX Mid Tower,,Tempered Glass,46.7
Zalman S5,59.99,ATX Mid Tower,,Tempered Glass,
be quiet! Pure Base 600,89.9,ATX Mid Tower,,Tempered Glass,50.9
Silverstone ML03B,101.76,HTPC,,,15.5
Cougar MG140 Air RGB,78.99,MicroATX Mini Tower,,Tempered Glass,35.3
Silverstone FARA H1M,75.53,MicroATX Mini Tower,,Tempered Glass,30.1
Cooler Master MasterCase H100 ARGB,80.98,Mini ITX Desktop,,,
RAIJINTEK PAEAN C7,69.99,ATX Mid Tower,,Tempered Glass,45.5
Fractal Design Define Mini C TG,113.29,MicroATX Mid Tower,,Tempered Glass,36.9
Corsair Carbide Series SPEC-04,356.28,ATX Mid Tower,,Acrylic,42.8
Fractal Design Meshify 2 Mini,213.08,MicroATX Mid Tower,,Tempered Glass,33.0
Gigabyte C301 GLASS,87.17,ATX Mid Tower,,Tempered Glass,50.6
Cooler Master MasterCase H500,138.99,ATX Mid Tower,,Tinted Tempered Glass,
HYTE REVOLT 3,199.99,Mini ITX Tower,700.0,Mesh,
APNX Creator C1 ChromaFlair,169.9,ATX Mid Tower,,Tempered Glass,53.6
Cooler Master MasterBox MB511 RGB,129.31,ATX Mid Tower,,Tempered Glass,
Thermaltake AH T600 Snow,299.99,ATX Full Tower,,Tempered Glass,161.6
Aerocool Bolt,99.0,ATX Mid Tower,,Acrylic,35.3
Cooler Master MasterBox MB520 ARGB,119.99,ATX Mid Tower,,Tempered Glass,
Thermaltake The Tower 300,149.99,MicroATX Mid Tower,,Tempered Glass,53.0
Zalman i4,69.98,ATX Mid Tower,,Mesh,43.1
Corsair 5000D CORE AIRFLOW,139.99,ATX Mid Tower,,Tinted Tempered Glass,66.2
MagniumGear NEO QUBE 2 Infinity Mirror,74.99,ATX Mid Tower,,Tempered Glass,101.1
Thermaltake Ceres 300 TG ARGB,89.99,ATX Mid Tower,,Tempered Glass,53.9
Phanteks Enthoo 719,169.99,ATX Full Tower,,Tempered Glass,81.4
Apevia Prodigy,74.98,MicroATX Mini Tower,,Tempered Glass,32.5
Cougar MX360 RGB,82.39,ATX Mid Tower,,Tempered Glass,36.5
Cougar MX410 MESH-G RGB,70.98,ATX Mid Tower,,Tempered Glass,36.3
In Win EM048,107.98,MicroATX Mini Tower,,,
Antec NX416L,89.99,ATX Mid Tower,,Tempered Glass,49.9
GAMDIAS NESO P1,150.99,ATX Full Tower,,Tempered Glass,75.2
Deepcool CH360,91.98,MicroATX Mid Tower,,Tempered Glass,39.7
Silverstone PS16B,76.12,MicroATX Mini Tower,,,
Corsair 4000D,104.99,ATX Mid Tower,,Tempered Glass,48.6
Fractal Design Torrent Nano RGB,230.12,Mini ITX Tower,,Tempered Glass,34.6
Antec Performance 1 SILENT,144.99,ATX Full Tower,,,62.7
Asus ROG Z11,279.99,Mini ITX Tower,,Tinted Tempered Glass,
Silverstone RM42-502,350.71,ATX Mid Tower,,,35.4
Corsair iCUE 465X RGB,228.0,ATX Mid Tower,,Tempered Glass,
Thermaltake View 51 ARGB Edition,179.99,ATX Full Tower,,Tempered Glass,
Zalman Z1 Iceberg,59.99,MicroATX Mid Tower,,Tempered Glass,38.5
GameMax Infinity Mini,48.91,MicroATX Mini Tower,,Tempered Glass,36.7
Silverstone SG13,71.09,Mini ITX Tower,,,11.5
GameMax Typhoon COC,69.99,ATX Mid Tower,,Tempered Glass,40.7
Thermaltake Core P8 TG,234.98,ATX Full Tower,,Tempered Glass,
Antec VSK10,51.52,MicroATX Mid Tower,,,
Silverstone SG05-LITE,69.75,Mini ITX Desktop,,,10.7
Antec TORQUE,379.99,ATX Mid Tower,,Tempered Glass,114.0
Thermaltake Core X71,149.99,ATX Full Tower,,Acrylic,
Thermaltake AH T600,299.99,ATX Full Tower,,Tempered Glass,161.6
Azza Spectra,54.99,ATX Mid Tower,,Tempered Glass,33.4
Azza Pyramid L,399.99,ATX Mid Tower,,Tempered Glass,
Antec NX360,113.53,ATX Mid Tower,,Tempered Glass,37.5
Cooler Master MasterBox Lite 3.1,67.2,MicroATX Mid Tower,,Tempered Glass,36.1
be quiet! Silent Base 601,139.9,ATX Mid Tower,,,
Apevia Prodigy,74.98,MicroATX Mini Tower,,Tempered Glass,32.5
ADATA XPG STARKER AIR,74.99,ATX Mid Tower,,Tempered Glass,40.0
Thermaltake Divider 170 TG Snow ARGB,79.98,MicroATX Mid Tower,,Tempered Glass,36.5
Cooler Master MasterCase H500P Mesh ARGB,159.0,ATX Mid Tower,,Tempered Glass,71.4
be quiet! Pure Base 500,84.9,ATX Mid Tower,,Tempered Glass,46.0
Antec VSK 3000 Elite,85.0,MicroATX Mini Tower,,,27.5
Thermaltake Core P6,159.99,ATX Mid Tower,,Tempered Glass,
Deepcool CH510,112.7,ATX Mid Tower,,Tempered Glass,47.1
Fractal Design Meshify 2,169.73,ATX Mid Tower,,Tinted Tempered Glass,61.7
Lian Li ODYSSEY X,137.98,ATX Full Tower,,Tempered Glass,
Apevia Enzo,59.99,ATX Mid Tower,,Tempered Glass,35.7
be quiet! Silent Base 802,164.9,ATX Mid Tower,,Tempered Glass,83.8
Silverstone ML06B,90.38,HTPC,,,7.1
Thermaltake Core W100,354.98,ATX Full Tower,,Acrylic,
Linkworld 920-01C2121U,55.99,HTPC,150.0,,5.3
be quiet! Dark Base 900,464.36,ATX Full Tower,,,82.0
Jonsbo TK-2 2.0,176.0,ATX Mid Tower,,Tempered Glass,53.2
Jonsbo D300,136.0,MicroATX Mid Tower,,Tempered Glass,45.8
Fractal Design Meshify 2 Compact Lite RGB,132.15,ATX Mid Tower,,Tinted Tempered Glass,42.3
Fractal Design Pop Silent,215.16,ATX Mid Tower,,Tempered Glass,46.2
Thermaltake The Tower 300,149.99,MicroATX Mid Tower,,Tempered Glass,53.0
SHARKOON TG6 RGB,81.94,ATX Mid Tower,,Tempered Glass,
Thermaltake Core V71 TG,186.86,ATX Full Tower,,Tempered Glass,
Apevia Prism Elite,111.99,ATX Mid Tower,,Tempered Glass,47.9
Thermaltake The Tower 300 Matcha,149.99,MicroATX Mid Tower,,Tempered Glass,53.0
Phanteks Eclipse P600S,109.99,ATX Mid Tower,,,
Cooler Master Silencio S600,132.11,ATX Mid Tower,,,47.0
Fractal Design Torrent,251.33,ATX Mid Tower,,Tinted Tempered Glass,69.8
SHARKOON REV300,398.13,ATX Full Tower,,Tempered Glass,65.6
Fractal Design Define 7 Mini,213.18,MicroATX Mini Tower,,Tinted Tempered Glass,33.2
Silverstone FARA R1,82.67,ATX Mid Tower,,Tempered Glass,
Silverstone Milo 12,166.99,HTPC,,Mesh,15.6
Lian Li LANCOOL 205 Mesh,195.0,ATX Mid Tower,,Tempered Glass,41.3
RAIJINTEK OPHION ELITE WHITE,79.9,Mini ITX Tower,,Mesh,24.9
Silverstone PS15,70.68,MicroATX Mid Tower,,Tempered Glass,25.7
In Win BK623.BH300TB3,92.01,MicroATX Mini Tower,300.0,,12.3
Thermaltake V150 Tempered Glass ARGB Breeze,93.82,MicroATX Mid Tower,,Tempered Glass,
Fractal Design Meshify 2 Lite,156.4,ATX Mid Tower,,Tempered Glass,61.7
Antec P20C,71.99,ATX Mid Tower,,Tempered Glass,50.6
CiT Mirage F6,63.92,ATX Mid Tower,,Tempered Glass,29.9
Silverstone FARA H1M PRO,94.69,MicroATX Mini Tower,,Tempered Glass,30.1
Fractal Design Pop Silent,92.01,ATX Mid Tower,,Tempered Glass,46.2
Gigabyte AORUS C300,139.99,ATX Mid Tower,,Tinted Tempered Glass,
Apex TX-606-U3,84.35,MicroATX Mid Tower,300.0,,27.9
ADATA XPG STARKER AIR,69.98,ATX Mid Tower,,Tempered Glass,40.0
be quiet! Pure Base 500,79.9,ATX Mid Tower,,Tempered Glass,46.0
Fractal Design Meshify 2 Compact RGB,143.84,ATX Mid Tower,,Tinted Tempered Glass,42.3
Cooler Master CMP 510,103.43,ATX Mid Tower,,Tempered Glass,42.0
Thermaltake CTE T500 Air,119.99,ATX Full Tower,,Tempered Glass,87.3
Thermaltake Level 20 MT,166.5,ATX Mid Tower,,Tempered Glass,43.7
Anidees AI CRYSTAL XL PRO LITE,299.89,ATX Full Tower,,Tempered Glass,
Thermaltake Core P3 TG Snow Edition,129.99,ATX Mid Tower,,Tempered Glass,80.1
MSI MPG SEKIRA 500X,516.09,ATX Mid Tower,,Tempered Glass,67.1
Fractal Design Define 7,336.66,ATX Mid Tower,,Tempered Glass,62.4
Apex MI-008,69.27,Mini ITX Tower,250.0,,8.5
Thermaltake The Tower 200 Bumblebee,129.99,Mini ITX Tower,,Tempered Glass,45.1
Silverstone ML05B,76.63,HTPC,,,
Thermaltake View 71 TG,199.99,ATX Full Tower,,Acrylic,
Thermaltake S300 Tempered Glass Edition,104.98,ATX Mid Tower,,Tempered Glass,
Thermaltake Level 20 VT,175.24,MicroATX Desktop,,Tempered Glass,49.4
Silverstone FARA 312Z,84.99,MicroATX Mini Tower,,Tempered Glass,37.2
Silverstone CS351,191.99,MicroATX Desktop,,,22.8
Fractal Design Torrent Compact RGB,277.07,ATX Mid Tower,,Tempered Glass,46.7
Montech SKY ONE LITE,75.9,ATX Mid Tower,,Tempered Glass,44.8
Corsair iCUE 220T RGB,285.87,ATX Mid Tower,,Tempered Glass,37.3
BGears b-Vortex-RGB,52.99,ATX Mid Tower,,Tempered Glass,38.3
Jonsbo D41 Mesh,96.99,ATX Mid Tower,,Tempered Glass,35.4
Deepcool CH360 DIGITAL,99.99,MicroATX Mid Tower,,Tempered Glass,39.7
Thermaltake View 51 Snow ARGB Edition,199.99,ATX Full Tower,,Tempered Glass,
GAMDIAS NESO P1,150.99,ATX Full Tower,,Tempered Glass,75.2
Fractal Design Core 1000,57.55,MicroATX Mini Tower,,,26.1
KOLINK KLA-002,94.08,ATX Mid Tower,,,25.1
SHARKOON VS8,143.68,ATX Mid Tower,,,42.1
Corsair 5000D,164.99,ATX Mid Tower,,Tempered Glass,
Thermaltake The Tower 200,129.99,Mini ITX Tower,,Tempered Glass,45.1
Antec P120 Crystal,119.99,ATX Mid Tower,,Tempered Glass,
Thermaltake The Tower 100,99.99,Mini ITX Tower,,Tempered Glass,
Thermaltake Core P6,206.99,ATX Mid Tower,,Tempered Glass,
Azza Spectra,59.99,ATX Mid Tower,,Tempered Glass,33.4
Phanteks Enthoo Series Primo Aluminum,219.99,ATX Full Tower,,Acrylic,96.8
Thermaltake View 71 TG Snow,204.99,ATX Full Tower,,Acrylic,
Thermaltake CTE C750 Air ARGB,169.56,ATX Full Tower,,Tempered Glass,110.7
Fractal Design Meshify 2 Compact White TG Clear Tint,142.96,ATX Mid Tower,,Tempered Glass,42.3
Deepcool MACUBE 310,107.87,ATX Mid Tower,,Tempered Glass,45.2
Geometric Future M4 King Arthur,79.9,ATX Mid Tower,,Tempered Glass,37.9
be quiet! Dark Base Pro 901,307.14,ATX Full Tower,,Tempered Glass,94.5
Cooler Master MasterBox 520 Mesh,131.38,ATX Mid Tower,,Tempered Glass,52.5
GameMax Contac Turbo COC,61.97,ATX Mid Tower,,Tempered Glass,43.0
be quiet! Pure Base 500,84.9,ATX Mid Tower,,,46.0
ADATA XPG INVADER,69.99,ATX Mid Tower,,Tempered Glass,
Silverstone GD09 Type-C,270.55,HTPC,,Mesh,26.5
Cooler Master MasterBox MB600L V2,135.0,ATX Mid Tower,,,37.7
Aerocool Aero One Eclipse,80.49,ATX Mid Tower,,Tempered Glass,
MSI MEG MAESTRO 700L PZ,378.0,ATX Mid Tower,,Tempered Glass,66.8
Montech KING 95,125.0,ATX Mid Tower,,Tempered Glass,63.0
Corsair Obsidian Series 500D Premium,393.46,ATX Mid Tower,,Tinted Tempered Glass,
Silverstone RVZ03,144.77,Mini ITX Desktop,,,
SHARKOON Rebel C70G RGB,265.09,ATX Mid Tower,,Tempered Glass,54.5
Thermaltake Divider 370 TG Snow ARGB,150.99,ATX Mid Tower,,Tempered Glass,50.7
Thermaltake Versa H15,149.0,MicroATX Mid Tower,,Acrylic,
Azza Aero,99.99,ATX Mid Tower,,Mesh,47.3
Silverstone ALTA G1M,153.33,MicroATX Mid Tower,,,
be quiet! Silent Base 802,149.9,ATX Mid Tower,,,83.8
Fractal Design Meshify 2 Lite,174.05,ATX Mid Tower,,Tempered Glass,61.7
Cooler Master MasterBox MB530P,119.99,ATX Mid Tower,,Tempered Glass,
Silverstone FARA R1 PRO V2,121.77,ATX Mid Tower,,Tempered Glass,40.1
Apevia Guardian-M,59.99,ATX Mid Tower,,Tempered Glass,39.5
Silverstone DS380B,214.82,Mini ITX Tower,,,
Silverstone ML07B,104.76,HTPC,,,13.9
Raidmax X616,69.98,ATX Mid Tower,,Tempered Glass,42.9
Chieftec BS-10B-300,196.63,MicroATX Mini Tower,300.0,,14.4
Segotep Phoenix T1,159.99,ATX Mid Tower,,Tempered Glass,65.5
KOLINK Citadel,79.97,MicroATX Mini Tower,,Tempered Glass,32.7
Aerocool Bolt Mini Glass,64.23,MicroATX Mini Tower,,Tempered Glass,
Cooler Master MasterFrame 700,191.99,ATX Full Tower,,Tempered Glass,
Cougar Cratus,447.99,ATX Mid Tower,,Tempered Glass,114.3
Thermaltake View 270,86.98,ATX Mid Tower,,Tempered Glass,47.6
In Win A3,114.04,MicroATX Mini Tower,,Tempered Glass,29.9
Corsair iCUE 5000X RGB Neon Night,249.99,ATX Mid Tower,,Tempered Glass,66.2
Vetroo K1,139.99,ATX Mid Tower,,Tempered Glass,37.4
Apevia Genesis-BK,79.98,ATX Mid Tower,,Tempered Glass,
YEYIAN Lancer,69.98,ATX Mid Tower,,Tempered Glass,35.1
Montech SKY ONE LITE,79.9,ATX Mid Tower,,Tempered Glass,44.8
Thermaltake CTE C750 ARGB,168.99,ATX Full Tower,,Tempered Glass,110.7
Silverstone SETA D1,154.46,ATX Mid Tower,,,56.5
In Win B1 Pure,128.0,Mini ITX Desktop,200.0,,7.8
Apevia Genesis Pro,86.99,ATX Mid Tower,,Tempered Glass,35.7
Silverstone GD08B,212.25,HTPC,,,33.4
be quiet! Dark Base 900,370.0,ATX Full Tower,,,82.0
Antec P20CE,99.99,ATX Mid Tower,,,50.6
Cougar PANZER MAX-G,173.99,ATX Full Tower,,Tempered Glass,90.5
Phanteks Enthoo Primo,209.99,ATX Full Tower,,Acrylic,
Thermaltake Ceres 500,139.99,ATX Mid Tower,,Tempered Glass,65.3
Thermaltake The Tower 100,99.99,Mini ITX Tower,,Tempered Glass,
be quiet! Pure Base 600,110.38,ATX Mid Tower,,,50.9
Antec NX260,117.99,ATX Mid Tower,,Tempered Glass,
Fractal Design Define 7 Compact,141.03,ATX Mid Tower,,Tinted Tempered Glass,42.5
Silverstone FARA 513 Type-C,87.66,ATX Mid Tower,,,44.6
Thermaltake Ceres 330 ARGB,109.99,ATX Mid Tower,,Tempered Glass,53.9
Silverstone SUGO 14,58.62,Mini ITX Desktop,,,19.5
be quiet! Shadow Base 800 DX,154.9,ATX Mid Tower,,Tempered Glass,70.9
NZXT H510i Rivals,117.86,ATX Mid Tower,,Tempered Glass,41.3
Silverstone FARA R1,60.35,ATX Mid Tower,,,
GAMDIAS ATHENA P1,89.99,ATX Mid Tower,,Tempered Glass,49.6
Silverstone RVZ01B,136.35,Mini ITX Desktop,,,
Montech KING 95,119.0,ATX Mid Tower,,Tempered Glass,63.0
Fractal Design Meshify 2 Compact RGB,256.54,ATX Mid Tower,,Tempered Glass,42.3
Apevia CRUSADER-F-PK,76.98,ATX Mid Tower,,Tempered Glass,
Jonsbo Jonsplus i400,825.11,ATX Mid Tower,,Tempered Glass,55.7
Fractal Design Define 7 Light,297.2,ATX Mid Tower,,Tempered Glass,62.4
Cougar Duoface RGB,77.99,ATX Mid Tower,,Tempered Glass,43.6
Deepcool MORPHEUS,159.99,ATX Full Tower,,Tempered Glass,72.7
ADATA XPG DEFENDER PRO,89.99,ATX Mid Tower,,Tempered Glass,47.7
Deepcool Quadstellar Infinity,515.7,ATX Mid Tower,,Tempered Glass,129.9
Enermax StarryKnight SK30 V2,99.99,ATX Mid Tower,,Tempered Glass,49.7
Cougar Panzer Max,174.99,ATX Full Tower,,Acrylic,90.5
Silverstone FARA H1M,72.89,MicroATX Mini Tower,,,30.1
KOLINK Observatory Z,161.78,ATX Mid Tower,,Tempered Glass,56.4
Phanteks Eclipse P600S,109.99,ATX Mid Tower,,Tempered Glass,
Cooler Master MB600L,79.98,ATX Mid Tower,,Acrylic,
RAIJINTEK ASTERION CLASSIC,99.9,ATX Full Tower,,Tempered Glass,56.0
BGears b-Optillusion,57.99,ATX Mid Tower,,Tempered Glass,38.7
Cougar Archon 2 RGB,120.0,ATX Mid Tower,,Tempered Glass,37.5
Thermaltake View 71 ARGB,229.99,ATX Full Tower,,Tempered Glass,
Rosewill CULLINAN,247.99,ATX Mid Tower,,Tempered Glass,
RAIJINTEK OPHION,78.53,Mini ITX Desktop,,Acrylic,
Apevia Genesis Pro,86.99,ATX Mid Tower,,Tempered Glass,35.7
Cougar Duoface Pro RGB,143.91,ATX Mid Tower,,Tempered Glass,55.4
Fractal Design Meshify 2 Lite,130.91,ATX Mid Tower,,Tempered Glass,61.7
be quiet! Silent Base 601,129.9,ATX Mid Tower,,Tempered Glass,
NZXT H5 Flow,129.99,ATX Mid Tower,,Tempered Glass,47.0
Silverstone Sugo 16,88.0,Mini ITX Tower,,,13.0
Thermaltake View 270,86.98,ATX Mid Tower,,Tempered Glass,47.6
ADATA XPG CRUISER,89.99,ATX Mid Tower,,Tempered Glass,53.8
Cooler Master MasterBox MB520 RGB,119.99,ATX Mid Tower,,Tempered Glass,
Thermaltake S300 Tempered Glass Snow Edition,99.99,ATX Mid Tower,,Tempered Glass,
ADATA XPG STARKER AIR,69.99,ATX Mid Tower,,Tempered Glass,40.0
Geometric Future M4 Caliburn,79.9,ATX Mid Tower,,Tempered Glass,37.9
SHARKOON QB ONE,149.61,Mini ITX Desktop,,Mesh,14.9
GameMax Abyss TR,94.97,ATX Mid Tower,,Tempered Glass,57.1
Antec P10 FLUX,89.99,ATX Mid Tower,,,
SSUPD Meshroom S w/PCIe 4.0 RIser,340.59,ATX Mini Tower,,Mesh,14.9
Corsair 5000D,164.99,ATX Mid Tower,,Tempered Glass,
Cooler Master MasterCase H500P Mesh,159.0,ATX Mid Tower,,Acrylic,71.4
MSI MPG GUNGNIR 100,306.02,ATX Mid Tower,,Tempered Glass,60.8
Silverstone SUGO 15,178.99,Mini ITX Desktop,,,19.1
Silverstone PS15,69.94,MicroATX Mid Tower,,Tempered Glass,25.7
Phanteks Enthoo 719,159.99,ATX Full Tower,,Tempered Glass,81.4
Silverstone ML04B,118.07,HTPC,,,16.0
In Win A5,105.01,ATX Mid Tower,,Tempered Glass,34.9
Thermaltake CTE C700 Air,119.99,ATX Mid Tower,,Tempered Glass,93.8
Fractal Design Define 7,430.21,ATX Mid Tower,,Tempered Glass,62.4
be quiet! Dark Base 900,375.0,ATX Full Tower,,,82.0
NZXT H510i All Might,117.86,ATX Mid Tower,,Tempered Glass,41.3
Silverstone Sugo SG11,115.79,MicroATX Mini Tower,,,
GAMDIAS ARGUS E4 ELITE,64.98,ATX Mid Tower,,Tempered Glass,
RAIJINTEK Silenos Pro,59.99,ATX Mid Tower,,Tempered Glass,39.8
Fractal Design Meshify 2 Compact TG Light Tint,133.13,ATX Mid Tower,,Tempered Glass,42.3
Apevia Genesis Pro,84.99,ATX Mid Tower,,Tempered Glass,35.7
Fractal Design Define 7,180.87,ATX Mid Tower,,,62.4
Thermaltake View 31 TG,124.96,ATX Mid Tower,,Acrylic,63.5
Thermaltake The Tower 200,129.99,Mini ITX Tower,,Tempered Glass,45.1
Thermaltake Core P90,187.23,ATX Mid Tower,,Tinted Tempered Glass,
Streacom DA2 V2,338.85,Mini ITX Desktop,,,17.5
Thermaltake Core P6,234.98,ATX Mid Tower,,Tempered Glass,
Zalman M2 Mini Silver,168.36,Mini ITX Desktop,,Tempered Glass,11.6
Antec P7 NEO,69.99,ATX Mid Tower,,,46.3
Vetroo AL700,84.99,ATX Mid Tower,,Tempered Glass,48.1
Inter-Tech IM-1 POCKET,217.96,MicroATX Mini Tower,,Mesh,21.9
ADATA XPG DEFENDER,79.99,ATX Mid Tower,,Tempered Glass,47.7
Fractal Design Define 7 Compact,136.91,ATX Mid Tower,,Tempered Glass,42.5
Cougar PANZER EVO RGB,264.74,ATX Full Tower,,Tempered Glass,
Antec P10C,73.81,ATX Mid Tower,,,51.0
Cooler Master CMP 510,88.49,ATX Mid Tower,,Tempered Glass,42.0
Silverstone PS15 PRO,193.53,MicroATX Mid Tower,,Tempered Glass,25.7
Jonsbo MOD5,290.0,ATX Mid Tower,,Tempered Glass,97.2
NOX Hummer TGM,210.13,ATX Mid Tower,,Tempered Glass,36.6
Cooler Master MasterBox NR600 (w/ODD),196.68,ATX Mid Tower,,Tempered Glass,47.3
ADATA XPG INVADER,69.98,ATX Mid Tower,,Tempered Glass,
Cooler Master MasterBox 540,100.21,ATX Mid Tower,,Tempered Glass,
RAIJINTEK PAN Slim,189.9,Mini ITX Desktop,,,38.7
Rosewill Legacy V3 Plus-B,90.0,Mini ITX Tower,,,10.0
Azza Legionaire 470,99.99,ATX Mid Tower,,Mesh,46.8
Thermaltake CTE C700 Air,164.98,ATX Mid Tower,,Tempered Glass,93.8
Phanteks Evolv X,169.99,ATX Mid Tower,,Tempered Glass,64.9
Thermaltake AH T200,169.99,MicroATX Mid Tower,,Tempered Glass,
Azza Celesta 340F,60.99,ATX Mid Tower,,Tempered Glass,40.2
Silverstone FARA H1M PRO,93.58,MicroATX Mini Tower,,Tempered Glass,30.1
Fractal Design Define 7,194.12,ATX Mid Tower,,,62.4
Silverstone ML08,136.29,HTPC,,Acrylic,
Lian Li ODYSSEY X,187.98,ATX Full Tower,,Tempered Glass,
Antec DP505,88.0,ATX Mid Tower,,Tempered Glass,51.9
Cougar MX600 RGB,181.75,ATX Full Tower,,Tempered Glass,57.8
Jonsbo BO 100,229.99,Mini ITX Desktop,,Tempered Glass,15.7
Phanteks Evolv Shift 2,140.84,Mini ITX Tower,,Tempered Glass,22.8
Thermaltake AH T200 Snow,134.88,MicroATX Mid Tower,,Tempered Glass,
Silverstone RVZ03B-ARGB,160.85,Mini ITX Desktop,,,
Thermaltake Versa H24,131.0,ATX Mid Tower,,,42.6
BGears â€Žb-BlackWidow-RGB,85.83,ATX Mid Tower,,Tinted Tempered Glass,41.2
Thermaltake Divider 200 TG Air Snow,149.96,MicroATX Mini Tower,,Tempered Glass,51.6
Silverstone RVZ02B,114.04,HTPC,,,
Lian Li LANCOOL 205 Mesh,195.0,ATX Mid Tower,,Tempered Glass,41.3
In Win BP655.FH300TB3,92.34,Mini ITX Tower,300.0,,8.1
Apevia Matrix,59.99,ATX Mid Tower,,Tempered Glass,37.8
Thermaltake H570 TG ARGB,119.99,ATX Mid Tower,,Tempered Glass,48.8
Silverstone FARA 511Z,99.51,ATX Mid Tower,,Tempered Glass,42.9
Phanteks Evolv X,259.63,ATX Mid Tower,,Tinted Tempered Glass,64.9
Silverstone CS380,303.48,ATX Mid Tower,,,45.0
BitFenix Saber Mesh,69.9,ATX Mid Tower,,Tempered Glass,42.3
In Win 301,69.98,MicroATX Mini Tower,,Tempered Glass,28.1
Thermaltake Ceres 330 ARGB,109.99,ATX Mid Tower,,Tempered Glass,53.9
Azza Elise,69.98,MicroATX Mid Tower,,Tempered Glass,34.4
Cooler Master Silencio S400,440.32,MicroATX Mini Tower,,Tempered Glass,
Cougar MG120,43.76,MicroATX Mini Tower,,,
Thermaltake LANBOX Lite,79.96,MicroATX Mini Tower,,,29.6
Silverstone SETA A1,139.99,ATX Mid Tower,,Tempered Glass,45.7
Thermaltake View 270,86.98,ATX Mid Tower,,Tempered Glass,47.6
Silverstone TJ08B-E,166.85,MicroATX Mini Tower,,,30.2
Thermaltake Core P5 V2,265.77,ATX Mid Tower,,Tempered Glass,115.4
Silverstone FARA R1 PRO,82.99,ATX Mid Tower,,Tempered Glass,36.0
Silverstone GD07B,209.13,HTPC,,,33.4
Thermaltake The Tower 200,134.98,Mini ITX Tower,,Tempered Glass,45.1
Apevia Predator,73.98,ATX Mid Tower,,Tempered Glass,35.7
SHARKOON VS9 RGB,201.7,ATX Mid Tower,,Tempered Glass,42.1
Thermaltake CTE C750 ARGB,179.99,ATX Full Tower,,Tempered Glass,110.7
Azza Cube 802 RGB,336.99,ATX Mid Tower,,Tempered Glass,
ADATA XPG Battlecruiser,109.99,ATX Mid Tower,,Tempered Glass,55.2
BGears b-Voguish RGB,85.99,ATX Mid Tower,,Tempered Glass,40.8
Jonsbo D500,320.0,ATX Full Tower,,Tempered Glass,90.8
Silverstone PS07B,108.89,MicroATX Mini Tower,,,31.4
SHARKOON VG7-W RGB,174.82,ATX Mid Tower,,Acrylic,
Antec NX400,88.28,ATX Mid Tower,,Tempered Glass,45.5
In Win A1 Plus,219.99,Mini ITX Tower,650.0,Tempered Glass,21.8
Silverstone Precision PS15 RGB,74.92,MicroATX Mid Tower,,Tempered Glass,25.7
Apevia Destiny Pro,91.99,ATX Mid Tower,,Tempered Glass,42.0
Cougar DarkBlader X7,73.98,ATX Mid Tower,,Tempered Glass,50.0
Silverstone FARA 512Z,104.38,ATX Mid Tower,,Tempered Glass,43.3
Antec P7 Silent,121.98,ATX Mid Tower,,,
Cougar Conquer,327.31,ATX Mid Tower,,Tempered Glass,101.3
Thermaltake H200 TG Snow RGB Light Strip,124.99,ATX Mid Tower,,Tempered Glass,39.7
Aerocool Playa Slim,132.37,MicroATX Mini Tower,,,
Thermaltake Versa N21,80.13,ATX Mid Tower,,Acrylic,51.5
GameMax Titan Silent,109.99,ATX Mid Tower,,,53.8
RAIJINTEK Metis Plus,80.53,Mini ITX Tower,,Acrylic,13.4
Cooler Master Elite 500 ODD,240.17,ATX Mid Tower,,Tempered Glass,43.1
Segotep Phoenix T1,159.99,ATX Mid Tower,,Tempered Glass,65.5
MSI MPG Sekira 100P,218.33,ATX Mid Tower,,Tempered Glass,42.9
Enermax StarryKnight SK30 RGB,116.03,ATX Mid Tower,,Tempered Glass,
ADATA XPG INVADER X,169.0,ATX Mid Tower,,Tempered Glass,52.1
Silverstone SG13,70.2,Mini ITX Tower,,,11.5
Azza Pyramid Mini 806,279.99,Mini ITX Tower,,Tempered Glass,
Thermaltake View 300 MX Snow TG ARGB,144.98,ATX Mid Tower,,Tempered Glass,58.8
Jonsbo D300 4PCS,129.99,MicroATX Mid Tower,,Tempered Glass,45.8
G.Skill Z5i,139.99,Mini ITX Tower,,Tempered Glass,24.4
Thermaltake View 270,86.98,ATX Mid Tower,,Tempered Glass,47.6
be quiet! Silent Base 601,155.54,ATX Mid Tower,,,
Silverstone CS330B,174.99,MicroATX Mini Tower,,,30.2
Silverstone GD06B,179.95,HTPC,,,22.4
Silverstone ML09,97.68,HTPC,,,
RAIJINTEK METIS EVO TGS,74.99,Mini ITX Desktop,,Tempered Glass,22.3
Thermaltake CTE E600,179.99,ATX Mid Tower,,Tempered Glass,77.4
Thermaltake CTE C700 TG ARGB,114.85,ATX Mid Tower,,Tempered Glass,93.8
Thermaltake CTE E600,172.91,ATX Mid Tower,,Tempered Glass,77.4
Apevia Genesis-WH,79.98,ATX Mid Tower,,Tempered Glass,
Enermax LIBLLUSSION LL30,65.0,ATX Mid Tower,,Tempered Glass,
Apevia Prodigy,74.98,MicroATX Mini Tower,,Tempered Glass,32.5
RAIJINTEK ASTERION CLASSIC,99.9,ATX Full Tower,,Tempered Glass,56.0
Cougar MX430 Air RGB,217.81,ATX Mid Tower,,Tempered Glass,37.6
RAIJINTEK METIS EVO ALS,74.9,Mini ITX Desktop,,,22.3
ADATA XPG Battlecruiser II,179.99,ATX Mid Tower,,Tempered Glass,62.6
Thermaltake CTE T500,134.29,ATX Full Tower,,Tempered Glass,87.3
Corsair iCUE 5000X RGB Glitch,249.99,ATX Mid Tower,,Tempered Glass,66.2
Silverstone FTZ01-E,148.15,Mini ITX Desktop,,,
RAIJINTEK PAEAN M,89.99,MicroATX Mini Tower,,Tempered Glass,40.9
Thermaltake Divider 200 TG Air,235.18,MicroATX Mini Tower,,Tempered Glass,51.6
Asus TUF Gaming GT301,199.99,ATX Mid Tower,,Tempered Glass,43.9
Antec Dark Phantom DP502 Flux,113.51,ATX Mid Tower,,Tempered Glass,49.5
Apevia Enzo,59.99,ATX Mid Tower,,Tempered Glass,35.7
SHARKOON Rebel C70M RGB,260.53,ATX Mid Tower,,Mesh,54.5
Azza Pyramid Mesh,399.99,ATX Mid Tower,,Mesh,140.5
Thermaltake Divider 370 TG ARGB,100.98,ATX Mid Tower,,Tempered Glass,50.7
In Win IW-MS04,154.63,Mini ITX Desktop,,,
Supermicro SuperChassis 721TQ-350B2,271.93,Mini ITX Tower,350.0,,14.1
Fractal Design Define 7 Compact,135.44,ATX Mid Tower,,Tempered Glass,42.5
Apevia Destiny Pro,88.99,ATX Mid Tower,,Tempered Glass,42.0
Silverstone ML08,126.69,HTPC,,,
Thermaltake Suppressor F1,106.74,Mini ITX Desktop,,Acrylic,
Corsair iCUE 5000X RGB Planetary,249.99,ATX Mid Tower,,Tempered Glass,66.2
darkFlash DLH21,129.44,Mini ITX Tower,,,17.2
Jonsbo BO 100,229.99,Mini ITX Desktop,,Tempered Glass,15.7
SHARKOON VS9 RGB,201.7,ATX Mid Tower,,Tempered Glass,42.1
Thermaltake V150,98.49,MicroATX Mid Tower,,Tempered Glass,
Thermaltake Core G21 Tempered Glass Edition,78.44,ATX Mid Tower,,Tinted Tempered Glass,46.6
In Win A1 Plus,219.99,Mini ITX Tower,650.0,Tempered Glass,21.8
Thermaltake CTE C700 TG ARGB,160.74,ATX Mid Tower,,Tempered Glass,93.8
Streacom DA2,360.0,Mini ITX Desktop,,,
Silverstone Lucid LD03,109.99,Mini ITX Tower,,Tinted Tempered Glass,25.2
be quiet! Silent Base 601,165.54,ATX Mid Tower,,Tempered Glass,
SHARKOON REV 100,177.88,ATX Mid Tower,,Tempered Glass,43.1
RAIJINTEK Thetis,120.84,ATX Mid Tower,,Acrylic,27.7
Chieftec CI-01B-OP,212.29,MicroATX Desktop,,,33.6
RAIJINTEK Metis Plus,80.53,Mini ITX Tower,,Acrylic,13.4
Apevia Predator,82.99,ATX Mid Tower,,Tempered Glass,35.7
Antec NSK3100,83.67,MicroATX Mini Tower,,,
KOLINK UNITY CODE X,246.4,ATX Mid Tower,,Tempered Glass,
Cougar Gemini M,101.81,MicroATX Mini Tower,,Tempered Glass,35.7
Phanteks EVOLV SHIFT 2 AIR,191.37,Mini ITX Tower,,,
Silverstone ML04 Type-C,232.74,HTPC,,Mesh,16.0
Jonsbo V11,397.69,Mini ITX Tower,,Mesh,13.0
Cougar MX330-G Pro,103.02,ATX Mid Tower,,Tempered Glass,49.1
Thermaltake AH T200,129.99,MicroATX Mid Tower,,Tempered Glass,
SHARKOON Rebel C50,265.27,ATX Mid Tower,,Mesh,52.4
Silverstone RL08BR-RGB,151.31,MicroATX Mini Tower,,Tempered Glass,
SHARKOON REV 200,96.96,ATX Mid Tower,,Tempered Glass,50.5
Aerocool Cronus,85.24,ATX Mid Tower,,Tempered Glass,54.0
Thermaltake H550 TG ARGB,122.43,ATX Mid Tower,,Tempered Glass,
SHARKOON MS-Y1000,81.86,MicroATX Mid Tower,,Tempered Glass,26.2
SHARKOON Rebel C50 RGB,326.1,ATX Mid Tower,,Tempered Glass,52.4
Apevia Matrix,75.98,ATX Mid Tower,,Tempered Glass,37.8
Thermaltake Divider 300 TG,85.99,ATX Mid Tower,,Tempered Glass,48.2
Thermaltake Level 20 RS ARGB,119.96,ATX Mid Tower,,Tempered Glass,
be quiet! Dark Base 701,239.9,ATX Mid Tower,,Tempered Glass,73.6
RAIJINTEK METIS EVO ALS,74.9,Mini ITX Desktop,,,22.3
Thermaltake V100,96.4,ATX Mid Tower,,,
Cougar MX330-F,74.9,ATX Mid Tower,,Acrylic,39.4
Thermaltake AH T200,134.98,MicroATX Mid Tower,,Tempered Glass,
Thermaltake H700 TG,89.99,ATX Mid Tower,,Tempered Glass,53.5
SaharaGaming M808W,193.54,MicroATX Mid Tower,,Tempered Glass,41.9
Thermaltake View 300 MX,144.98,ATX Mid Tower,,Tempered Glass,58.8
ADATA XPG Battlecruiser,109.99,ATX Mid Tower,,Tempered Glass,55.2
Silverstone PM02-G,128.99,ATX Mid Tower,,Tempered Glass,49.3
Cooler Master MasterBox MB600L V2 w/ODD,116.44,ATX Mid Tower,,Tempered Glass,42.7
Thermaltake Versa T27 TG ARGB,141.43,ATX Mid Tower,,Tempered Glass,50.7
Thermaltake View 37,226.34,ATX Mid Tower,,Acrylic,73.7
ADATA XPG CRUISER,89.99,ATX Mid Tower,,Tempered Glass,53.8
Thermaltake Ceres 330 ARGB,109.99,ATX Mid Tower,,Tempered Glass,53.9
Thermaltake H700 TG,94.98,ATX Mid Tower,,Tempered Glass,53.5
Thermaltake CTE T500,179.99,ATX Full Tower,,Tempered Glass,87.3
Apevia Destiny Flow,81.99,ATX Mid Tower,,Tempered Glass,
HEC 6T10LITE,74.77,MicroATX Mini Tower,,,24.0
RAIJINTEK PAN Slim,189.9,Mini ITX Desktop,,,38.7
BitFenix Dawn TG,99.9,ATX Mid Tower,,Tempered Glass,
ADATA XPG STARKER,69.99,ATX Mid Tower,,Tempered Glass,40.0
SHARKOON VS8 RGB,201.7,ATX Mid Tower,,Tempered Glass,42.1
Aerocool Menace Saturn RGB,73.15,ATX Mid Tower,,Tempered Glass,36.7
Fractal Design Meshify S2,179.1,ATX Mid Tower,,Tempered Glass,58.3
Antec NX320,78.2,ATX Mid Tower,,Tempered Glass,40.5
Nanoxia NXDS4B,219.48,MicroATX Mini Tower,,,
GameMax Kreator,64.97,ATX Mid Tower,,Tempered Glass,40.7
Geometric Future M4 King Arthur,79.9,ATX Mid Tower,,Tempered Glass,37.9
Chieftec BT-02B-U3-250VS (230V),181.0,Mini ITX Tower,250.0,,9.6
Azza Regis,370.99,ATX Mid Tower,,Tempered Glass,
KOLINK Observatory Z Mesh,129.41,ATX Mid Tower,,Tempered Glass,56.4
Cougar DarkBlader X7,160.9,ATX Mid Tower,,Tempered Glass,50.0
KOLINK Unity Nexus ARGB,141.6,ATX Mid Tower,,Tempered Glass,51.3
FSP Group CUT593A,104.99,ATX Full Tower,,Tempered Glass,62.6
Silverstone PS14-E,76.7,ATX Mid Tower,,,43.1
Silverstone ALTA G1M,159.85,MicroATX Mid Tower,,,
YEYIAN Dragoon,69.98,ATX Mid Tower,,Tempered Glass,35.1
Apevia Destiny Pro,89.99,ATX Mid Tower,,Tempered Glass,42.0
Cougar Dust 2,166.87,Mini ITX Tower,,Mesh,23.6
ADATA XPG STARKER,69.99,ATX Mid Tower,,Tempered Glass,40.0
SHARKOON MS-Y1000,77.55,MicroATX Mid Tower,,Tempered Glass,26.2
Silverstone PS14-E,92.53,ATX Mid Tower,,Tempered Glass,43.1
SHARKOON MS-Z1000,76.62,MicroATX Mid Tower,,Tempered Glass,26.2
Thermaltake CTE E600,184.98,ATX Mid Tower,,Tempered Glass,77.4
Silverstone RVZ03W-ARGB,147.99,Mini ITX Desktop,,,
RAIJINTEK METIS EVO TGS,74.99,Mini ITX Desktop,,Tempered Glass,22.3
Corsair iCUE 5000X RGB Shift,249.99,ATX Mid Tower,,Tempered Glass,66.2
Azza Hive 450,74.99,ATX Mid Tower,,Tempered Glass,41.9
Thermaltake Versa N26,185.0,ATX Mid Tower,,Acrylic,44.7
Silverstone FTZ01,197.39,Mini ITX Desktop,,,
Jonsbo Jonsplus i400,559.59,ATX Mid Tower,,Tempered Glass,55.7
ADATA XPG Battlecruiser II,179.99,ATX Mid Tower,,Tempered Glass,62.6
Silverstone FARA R1 PRO,100.19,ATX Mid Tower,,Tempered Glass,36.0
Antec P5,161.38,MicroATX Mini Tower,,,
Aerocool Menace Saturn FRGB,141.0,ATX Mid Tower,,Tempered Glass,36.7
be quiet! Silent Base 601,165.54,ATX Mid Tower,,Tempered Glass,
Thermaltake Core P3,214.87,ATX Mid Tower,,Tempered Glass,80.1
Apevia Destiny Flow,83.99,ATX Mid Tower,,Tempered Glass,
RAIJINTEK OPHION M EVO TGS,69.9,MicroATX Mid Tower,,Tempered Glass,
GAMDIAS ATHENA M1 ELITE,82.33,ATX Mid Tower,,Tempered Glass,
Geometric Future Model 2 The ARK,119.9,MicroATX Mini Tower,,Mesh,40.7
Chieftec UE-02B,175.44,MicroATX Mini Tower,,,12.9
Antec DARK CUBE,226.99,MicroATX Mini Tower,,Tempered Glass,
RAIJINTEK PAN Slim,189.9,Mini ITX Desktop,,,38.7
Silverstone RVZ02B,128.22,HTPC,,Acrylic,
Thermaltake Divider 500 TG ARGB,152.3,ATX Mid Tower,,Tempered Glass,56.8
Geometric Future Model 8,149.9,ATX Mid Tower,,Tinted Tempered Glass,57.5
ADATA XPG DEFENDER PRO,89.99,ATX Mid Tower,,Tempered Glass,47.7
Azza Eclipse 440,63.99,ATX Mid Tower,,Tempered Glass,45.5
be quiet! Silent Base 601,155.54,ATX Mid Tower,,,
Corsair iCUE 5000X RGB Triptych,249.99,ATX Mid Tower,,Tempered Glass,66.2
Azza Octane A,89.99,ATX Mid Tower,,Tempered Glass,44.8
Thermaltake Versa N27,200.0,ATX Mid Tower,,Acrylic,
RAIJINTEK Thetis,130.84,ATX Mid Tower,,,27.7
RAIJINTEK Metis Plus,80.53,Mini ITX Tower,,Acrylic,13.4
RAIJINTEK Metis Plus,80.53,Mini ITX Tower,,Acrylic,13.4
RAIJINTEK STYX,85.84,MicroATX Mini Tower,,Acrylic,
Cougar Gemini S,91.91,ATX Mid Tower,,Tempered Glass,
Streacom DA2 V2,299.99,Mini ITX Desktop,,,17.5
Silverstone GD10B,157.27,HTPC,,,27.4
Thermaltake Divider 500 TG ARGB Air,159.99,ATX Mid Tower,,Tempered Glass,56.8
In Win 904,99.99,ATX Mid Tower,,Tempered Glass,
RAIJINTEK Metis Plus,80.53,Mini ITX Tower,,Acrylic,13.4
SHARKOON Rebel C50 RGB,326.1,ATX Mid Tower,,Tempered Glass,52.4
Thermaltake Urban S31 Window,99.99,ATX Mid Tower,,Acrylic,53.6
Anidees AI Atomic,89.9,ATX Mid Tower,,Mesh,19.5
Antec Draco 10,80.0,MicroATX Mini Tower,,Tempered Glass,40.0
Thermaltake Divider 300 ARGB Triangular,145.49,ATX Mid Tower,,Tempered Glass,48.2
Thermaltake Divider 500 TG ARGB Snow,131.21,ATX Mid Tower,,Tempered Glass,56.8
Thermaltake Divider 200 TG,223.62,MicroATX Mini Tower,,Tempered Glass,51.6
GameMax Vega,99.98,ATX Mid Tower,,Tempered Glass,53.2
Thermaltake S500,219.71,ATX Mid Tower,,Tempered Glass,67.8
Cooler Master MasterBox 500,304.88,ATX Mid Tower,,Tempered Glass,52.4
Geometric Future Model 6,99.9,ATX Mid Tower,,Tinted Tempered Glass,43.5
Geometric Future Model 2 The ARK,119.9,MicroATX Mini Tower,,Mesh,40.7
Silverstone TJ04B-E,260.12,ATX Mid Tower,,,51.0
Silverstone CS280B,199.48,Mini ITX Tower,,,
Thermaltake Commander C34 TG ARGB,74.98,ATX Mid Tower,,Tempered Glass,
Silverstone FTZ01,169.99,Mini ITX Desktop,,,
Silverstone ALTA F1,285.99,ATX Mid Tower,,Tempered Glass,56.8
SHARKOON Rebel C50,315.3,ATX Mid Tower,,Mesh,52.4
iStarUSA S-917,317.94,Mini ITX Tower,,,28.2
Cougar MX331 MESH-G,71.69,ATX Mid Tower,,Tempered Glass,43.5
RAIJINTEK OPHION M EVO ALS,69.9,MicroATX Mid Tower,,,
Silverstone SG12B-V2,166.0,MicroATX Mini Tower,,,
RAIJINTEK METIS EVO TGS,74.99,Mini ITX Desktop,,Tempered Glass,22.3
Geometric Future Model 2 The ARK,199.9,MicroATX Mini Tower,,Tempered Glass,40.7
Azza Opus 809,349.99,ATX Mid Tower,,Tinted Tempered Glass,
Apevia Destiny Flow,83.99,ATX Mid Tower,,Tempered Glass,
FSP Group CUT593P,149.99,ATX Full Tower,,Tempered Glass,62.6
Cougar Gemini M,68.68,MicroATX Mini Tower,,Tempered Glass,35.7
ADATA XPG DEFENDER,79.99,ATX Mid Tower,,Tempered Glass,47.7
Cougar DarkBlader X5,120.65,ATX Mid Tower,,Tempered Glass,50.0
Deco Gear DGPCS01,84.99,ATX Mid Tower,,Tempered Glass,
Thermaltake Level 20 GT,292.99,ATX Full Tower,,Tempered Glass,100.9
Cougar MG130-G,55.49,MicroATX Mini Tower,,Tempered Glass,
Geometric Future Model 8,169.9,ATX Mid Tower,,Tinted Tempered Glass,57.5
Antec VSK10 Window,78.2,MicroATX Mid Tower,,Acrylic,
Thermaltake Divider 300 TG Air Snow,119.99,ATX Mid Tower,,Tempered Glass,48.2
Cougar MX331 MESH,52.96,ATX Mid Tower,,Acrylic,43.5
Thermaltake Divider 300 ARGB Snow Triangular,197.84,ATX Mid Tower,,Tempered Glass,48.2
RAIJINTEK STYX,85.84,MicroATX Mini Tower,,Acrylic,
Azza Zircon 7000B,169.99,ATX Full Tower,,Tempered Glass,61.8
Silverstone CS01,149.99,Mini ITX Tower,,,
Thermaltake Level 20 GT ARGB,353.38,ATX Full Tower,,Tempered Glass,100.9
Rosewill CULLINAN PX RGB-ST,61.3,ATX Mid Tower,,Tempered Glass,
RAIJINTEK STYX,85.84,MicroATX Mini Tower,,Acrylic,
Thermaltake A500,269.99,ATX Mid Tower,,Tempered Glass,
Jonsbo Jonsplus i400,493.35,ATX Mid Tower,,,55.7
Cougar DarkBlader X5,111.97,ATX Mid Tower,,Tempered Glass,50.0
Thermaltake Divider 200 TG Snow,223.44,MicroATX Mini Tower,,Tempered Glass,51.6
RAIJINTEK PAEAN PREMIUM,219.9,ATX Mid Tower,,Tempered Glass,90.6
SHARKOON TG7M RGB,225.0,ATX Mid Tower,,Tempered Glass,52.1
Azza Iris 330,56.75,ATX Mid Tower,,Tempered Glass,42.5
Geometric Future Model 6,99.9,ATX Mid Tower,,Tinted Tempered Glass,43.5
RAIJINTEK STYX,85.84,MicroATX Mini Tower,,Acrylic,
Silverstone Lucid LD03-AF,138.38,Mini ITX Tower,,Tempered Glass,25.2
Streacom BC1 Mini,146.99,Mini ITX Test Bench,,,
Thermaltake Divider 300 TG Air,119.99,ATX Mid Tower,,Tempered Glass,48.2
Thermaltake Divider 500 TG ARGB Air Snow,164.98,ATX Mid Tower,,Tempered Glass,56.8
Deco Gear DGPCS20X,119.99,ATX Mid Tower,,Tinted Tempered Glass,53.3
Azza CUBE MINI 805,299.99,Mini ITX Tower,,Tempered Glass,17.6
Silverstone FARA V1M PRO,76.56,MicroATX Mid Tower,,Tempered Glass,36.0
Thermaltake Commander C34 TG Snow ARGB,74.96,ATX Mid Tower,,Tempered Glass,
Silverstone FARA R1 PRO,195.73,ATX Mid Tower,,Tempered Glass,36.0
BitFenix Colossus Micro,230.0,MicroATX Mid Tower,,,30.6
Silverstone ALTA F1,287.99,ATX Mid Tower,,Tempered Glass,56.8
Supermicro S5,169.78,ATX Mid Tower,,,
Thermaltake Level 20 HT Snow Edition,311.54,ATX Full Tower,,Tempered Glass,
Silverstone PM02-G,128.99,ATX Mid Tower,,Tempered Glass,49.3
be quiet! Silent Base 801,161.43,ATX Mid Tower,,,
Cougar GEMINI X,806.55,ATX Full Tower,,Tempered Glass,
In Win EFS712,105.99,MicroATX Mini Tower,,,25.5
Geometric Future Model 8,159.9,ATX Mid Tower,,Tinted Tempered Glass,57.5
Azza Chroma 410,120.0,ATX Mid Tower,,Acrylic,
Silverstone RV05B,104.7,ATX Mid Tower,,,63.8
Thermaltake Suppressor F31 TG,177.27,ATX Mid Tower,,Tempered Glass,64.0
In Win Z583T.CQ350TB3L,114.76,MicroATX Mini Tower,350.0,,24.2
Thermaltake Commander C31 TG ARGB,149.88,ATX Mid Tower,,Tempered Glass,
Thermaltake AH T200,134.98,MicroATX Mid Tower,,Tempered Glass,
SHARKOON MS-Z1000,152.43,MicroATX Mid Tower,,Tempered Glass,26.2
Silverstone SETA A1,139.55,ATX Mid Tower,,Tempered Glass,45.7
RAIJINTEK STYX,85.84,MicroATX Mini Tower,,,
Thermaltake Divider 300 TG Snow,149.59,ATX Mid Tower,,Tempered Glass,48.2
FSP Group CUT593P,159.99,ATX Full Tower,,Tempered Glass,62.6
Silverstone RVZ01-E,170.28,HTPC,,,
Cougar Turret RGB,185.55,ATX Mid Tower,,Tempered Glass,39.9
Silverstone SG04B-F,119.99,MicroATX Mini Tower,,,24.7
Silverstone SETA A1,139.55,ATX Mid Tower,,Tempered Glass,45.7
RAIJINTEK Metis Plus,80.53,Mini ITX Tower,,Acrylic,13.4
Silverstone RV05B-W,129.41,ATX Mid Tower,,Acrylic,63.8
Silverstone CS01-HS,199.99,Mini ITX Tower,,,
Thermaltake Versa J24 ARGB,135.08,ATX Mid Tower,,Tempered Glass,
Chieftec BT-04B-U3-250VS (230V),235.0,Mini ITX Tower,250.0,,10.5
Thermaltake Versa H24,154.0,ATX Mid Tower,,Acrylic,42.6
Cougar MX660-T RGB,173.35,ATX Mid Tower,,Tempered Glass,50.0
