Fabricante,Precio,Chip,Memoria,Nucleo_Reloj,Impulsion_Reloj,Longitud,Ranking
MSI VENTUS 3X E OC,2149.98,GeForce RTX 4090,24,2235,2565,322,1
Palit GameRock OC,2255.45,GeForce RTX 4090,24,2235,2610,329,1
Zotac GAMING AMP Extreme AIRO,2329.0,GeForce RTX 4090,24,2235,2580,356,1
Zotac GAMING Trinity,2249.0,GeForce RTX 4090,24,2235,2520,356,1
PNY XLR8 Gaming VERTO EPIC-X RGB,1869.0,GeForce RTX 4090,24,2230,2520,332,1
Zotac GAMING Trinity OC,2479.0,GeForce RTX 4090,24,2235,2535,356,1
Palit GameRock,2379.27,GeForce RTX 4090,24,2235,2520,329,1
Zotac GAMING Trinity OC,2289.0,GeForce RTX 4090,24,2235,2535,356,1
Asus TUF GAMING,1599.99,GeForce RTX 4090,24,2235,2550,348,1
Asus ROG STRIX GAMING,2479.07,GeForce RTX 4090,24,2235,2550,358,1
Asus TUF Gaming OG,2299.98,GeForce RTX 4090,24,2235,2550,326,1
Gigabyte WINDFORCE,2399.0,GeForce RTX 4090,24,2235,2520,331,1
PNY VERTO,1799.99,GeForce RTX 4090,24,2235,2520,337,1
Asus ROG STRIX GAMING,2049.99,GeForce RTX 4090,24,2235,2550,358,1
PNY XLR8 Gaming VERTO EPIC-X RGB OC,1669.99,GeForce RTX 4090,24,2230,2565,332,1
Asus TUF Gaming OG OC,1819.99,GeForce RTX 4090,24,2235,2595,326,1
MSI RTX 4090 GAMING SLIM 24G,1799.0,GeForce RTX 4090,24,2235,2535,322,1
MSI GAMING X SLIM,1919.99,GeForce RTX 4090,24,2235,2610,322,1
Gigabyte AERO OC,1869.98,GeForce RTX 4090,24,2520,2535,342,1
Asus TUF GAMING OC,1819.99,GeForce RTX 4090,24,2235,2595,348,1
Asus ROG STRIX GAMING OC,2099.99,GeForce RTX 4090,24,2235,2640,358,1
Gigabyte WINDFORCE V2,1999.0,GeForce RTX 4090,24,2235,2520,331,1
NVIDIA Founders Edition,2129.94,GeForce RTX 4090,24,2230,2520,304,1
Asus ROG STRIX GAMING OC,1999.99,GeForce RTX 4090,24,2235,2640,358,1
Zotac GAMING Trinity,1359.9,GeForce RTX 4080,16,2205,2505,356,3
Palit JetStream,1280.15,GeForce RTX 4080,16,2205,2505,329,3
PNY XLR8 Gaming VERTO EPIC-X RGB OC,1209.99,GeForce RTX 4080,16,2205,2550,332,3
Asus ROG STRIX GAMING,1708.98,GeForce RTX 4080,16,2205,2535,358,3
MSI GAMING X TRIO,1699.9,GeForce RTX 4080,16,2205,2610,337,3
Asus ProArt OC,1656.98,GeForce RTX 4080,16,2205,2625,300,3
MSI SUPRIM X,1708.48,GeForce RTX 4080,16,2205,2640,336,3
Asus Noctua OC,1999.99,GeForce RTX 4080,16,2205,2625,310,3
Asus TUF GAMING,1489.0,GeForce RTX 4080,16,2205,2535,348,3
Gigabyte EAGLE OC,1500.85,GeForce RTX 4080,16,2205,2520,342,3
Gigabyte GAMING OC,1559.99,GeForce RTX 4080,16,2205,2535,342,3
Asus ROG STRIX GAMING OC,1859.9,GeForce RTX 4080,16,2205,2655,358,3
MSI GAMING X TRIO,1600.0,GeForce RTX 4080,16,2205,2610,337,3
Gigabyte AERO OC,1489.9,GeForce RTX 4080,16,2205,2535,342,3
MSI GAMING X SLIM,1169.99,GeForce RTX 4080,16,2205,2610,322,3
Gigabyte WINDFORCE,1646.89,GeForce RTX 4080,16,2205,2505,330,3
Gigabyte AORUS MASTER,1738.48,GeForce RTX 4080,16,2205,2550,357,3
Zotac GAMING Trinity OC,1399.0,GeForce RTX 4080,16,2205,2520,356,3
MSI VENTUS 3X,1351.0,GeForce RTX 4080,16,2205,2520,322,3
Asus ROG STRIX GAMING OC,1683.48,GeForce RTX 4080,16,2205,2655,358,3
Zotac GAMING Trinity OC,1359.0,GeForce RTX 4080,16,2205,2520,356,3
Asus ROG STRIX GAMING,1758.48,GeForce RTX 4080,16,2205,2535,358,3
NVIDIA Founders Edition,1339.99,GeForce RTX 4080,16,2210,2510,304,3
PNY VERTO,1129.99,GeForce RTX 4080,16,2205,2505,332,3
XFX Speedster MERC 310 Black Edition,899.99,Radeon RX 7900 XTX,24,2300,2615,344,4
ASRock Taichi OC,1249.99,Radeon RX 7900 XTX,24,2300,2680,345,4
Sapphire NITRO+,1029.99,Radeon RX 7900 XTX,24,2300,2680,320,4
PowerColor Hellhound,909.99,Radeon RX 7900 XTX,24,2300,2525,320,4
MSI GAMING TRIO CLASSIC,1029.99,Radeon RX 7900 XTX,24,2300,2500,325,4
ASRock Phantom Gaming OC,929.99,Radeon RX 7900 XTX,24,2300,2615,330,4
Asus TUF GAMING OC,1079.99,Radeon RX 7900 XTX,24,2300,2615,353,4
Sapphire PULSE,909.99,Radeon RX 7900 XTX,24,2300,2525,313,4
Gigabyte GAMING OC,929.99,Radeon RX 7900 XTX,24,2300,2525,331,4
ASRock Taichi OC,1223.49,Radeon RX 7900 XTX,24,2300,2680,345,4
PowerColor Red Devil,979.99,Radeon RX 7900 XTX,24,2300,2565,338,4
PowerColor Hellhound Spectral,1399.0,Radeon RX 7900 XTX,24,2300,2525,338,4
Gigabyte AERO OC V2,964.31,GeForce RTX 4070 Ti,12,2310,2640,300,6
Gigabyte GAMING OC V2,809.99,GeForce RTX 4070 Ti,12,2310,2640,300,6
Zotac GAMING Trinity OC,709.99,GeForce RTX 4070 Ti,12,2310,2625,307,6
MSI GAMING X TRIO,869.99,GeForce RTX 4070 Ti,12,2310,2760,337,6
Asus ProArt OC,849.99,GeForce RTX 4070 Ti,12,2310,2760,300,6
MSI VENTUS 2X OC,807.52,GeForce RTX 4070 Ti,12,2310,2655,242,6
Asus TUF GAMING,909.52,GeForce RTX 4070 Ti,12,2310,2640,305,6
Gigabyte WINDFORCE OC,709.99,GeForce RTX 4070 Ti,12,2310,2625,261,6
PNY VERTO,749.99,GeForce RTX 4070 Ti,12,2310,2610,305,6
MSI GAMING X SLIM,769.99,GeForce RTX 4070 Ti,12,2310,2745,307,6
Asus ROG STRIX GAMING OC,909.0,GeForce RTX 4070 Ti,12,2310,2790,336,6
MSI VENTUS 2X OC,709.99,GeForce RTX 4070 Ti,12,2310,2655,242,6
MSI VENTUS 3X OC,749.0,GeForce RTX 4070 Ti,12,2310,2655,308,6
Asus TUF GAMING OC,879.99,GeForce RTX 4070 Ti,12,2310,2760,305,6
Gigabyte GAMING OC,819.99,GeForce RTX 4070 Ti,12,2310,2640,336,6
MSI VENTUS 3X E OC,689.99,GeForce RTX 4070 Ti,12,2310,2655,308,6
MSI SUPRIM X,819.99,GeForce RTX 4070 Ti,12,2310,2790,338,6
Zotac GAMING Trinity,689.99,GeForce RTX 4070 Ti,12,2310,2610,307,6
PNY XLR8 Gaming VERTO EPIC-X RGB,721.7,GeForce RTX 4070 Ti,12,2310,2610,332,6
Gigabyte AERO OC,1097.22,GeForce RTX 4070 Ti,12,2310,2640,336,6
Gainward Phoenix,1500.31,GeForce RTX 4070 Ti,12,2310,2610,329,6
Inno3D iChill X3,895.97,GeForce RTX 4070 Ti,12,2310,2670,334,6
Palit JetStream,929.34,GeForce RTX 4070 Ti,12,2310,2610,329,6
Gigabyte AORUS MASTER,1445.06,GeForce RTX 4070 Ti,12,2310,2670,342,6
MSI AERO,899.99,GeForce RTX 4070 Ti,16,2310,2610,263,6
MAXSUN iCraft Limited Edition OC,959.99,GeForce RTX 4070 Ti,12,2310,2385,336,6
MSI GAMING SLIM,719.99,GeForce RTX 4070 Ti,12,2310,2625,307,6
Asus ProArt,839.99,GeForce RTX 4070 Ti,12,2310,2640,300,6
Gigabyte AORUS ELITE,1124.99,GeForce RTX 4070 Ti,12,2310,2655,342,6
Gigabyte EAGLE OC Rev 2.0,877.63,GeForce RTX 4070 Ti,12,2310,2625,261,6
PNY XLR8 Gaming VERTO EPIC-X RGB OC,779.99,GeForce RTX 4070 Ti,12,2310,2670,332,6
MSI GAMING X SLIM,1758.5,GeForce RTX 4070 Ti,12,2310,2745,307,6
Asus ROG STRIX GAMING,861.0,GeForce RTX 4070 Ti,12,2310,2640,336,6
Zotac GAMING Trinity OC,709.99,GeForce RTX 4070 Ti,12,2310,2625,307,6
Zotac GAMING AMP Extreme AIRO,749.99,GeForce RTX 4070 Ti,12,2310,2700,356,6
Asus TUF GAMING OC,896.5,GeForce RTX 4070 Ti,12,2310,2760,305,6
Gigabyte AORUS XTREME WATERFORCE,1849.0,GeForce RTX 3090 Ti,24,1560,1935,238,7
NVIDIA Founders Edition,1849.0,GeForce RTX 3090 Ti,24,1560,1860,313,7
MSI GeForce RTX 3090 TI GAMING X TRIO 24G,1789.95,GeForce RTX 3090 Ti,24,1560,1920,325,7
EVGA FTW3 ULTRA GAMING,1899.95,GeForce RTX 3090 Ti,24,1560,1920,300,7
Zotac AMP Extreme Core Holo,1699.99,GeForce RTX 3090 Ti,24,1560,1890,356,7
EVGA FTW3 BLACK GAMING,1739.0,GeForce RTX 3090 Ti,24,1560,1860,300,7
EVGA FTW3 GAMING,1698.0,GeForce RTX 3090 Ti,24,1560,1890,300,7
Asus STRIX LC GAMING OC,1949.95,GeForce RTX 3090 Ti,24,1560,1980,293,7
ASRock Taichi OC,1129.9,Radeon RX 7900 XT,20,2000,2560,345,8
XFX Speedster MERC 310,720.61,Radeon RX 7900 XT,20,2000,2535,344,8
ASRock Phantom Gaming OC,709.99,Radeon RX 7900 XT,20,2000,2450,330,8
Sapphire NITRO+,964.99,Radeon RX 7900 XT,20,2000,2560,320,8
Gigabyte GAMING OC,921.53,Radeon RX 7900 XT,20,2000,2535,331,8
XFX Speedster MERC 310 Black Edition,739.99,Radeon RX 7900 XT,20,2000,2560,344,8
ASRock Phantom Gaming OC,699.99,Radeon RX 7900 XT,20,2000,2450,330,8
Sapphire PULSE,699.99,Radeon RX 7900 XT,20,2000,2450,313,8
PowerColor Hellhound,719.99,Radeon RX 7900 XT,20,2000,2500,320,8
MSI RTX 3090 SUPRIM X 24G,1489.95,GeForce RTX 3090,24,1395,1875,336,10
Gigabyte GAMING OC,1469.99,GeForce RTX 3090,24,1395,1755,320,10
Asus ROG STRIX OC EVA,2399.0,GeForce RTX 3090,24,1395,1890,318,10
Zotac GAMING Trinity OC,1739.95,GeForce RTX 3090,24,1395,1710,318,10
Asus ROG STRIX WHITE OC,1629.95,GeForce RTX 3090,24,1395,1890,318,10
PNY XLR8 Gaming EPIC-X RGB,1549.0,GeForce RTX 3090,24,1395,1695,294,10
EVGA XC3 ULTRA GAMING,1434.99,GeForce RTX 3090,24,1395,1725,285,10
Gigabyte EAGLE OC,1642.06,GeForce RTX 3090,24,1395,1725,320,10
Asus STRIX GAMING OC,1659.95,GeForce RTX 3090,24,1395,1890,318,10
Gigabyte AORUS MASTER,1790.0,GeForce RTX 3090,24,1395,1785,319,10
EVGA FTW3 ULTRA GAMING,1389.95,GeForce RTX 3090,24,1395,1800,300,10
Gigabyte AORUS XTREME,1799.0,GeForce RTX 3090,24,1395,1860,319,10
Zotac GAMING AMP Core Holo,1599.0,GeForce RTX 3090,24,1395,1755,328,10
PNY XLR8 Gaming VERTO EPIC-X RGB OC,1669.99,GeForce RTX 4090,24,2230,2565,332,11
MSI RTX 4090 GAMING SLIM 24G,1799.0,GeForce RTX 4090,24,2235,2535,322,11
MSI VENTUS 3X E OC,2149.98,GeForce RTX 4090,24,2235,2565,322,11
Asus TUF Gaming OG OC,1819.99,GeForce RTX 4090,24,2235,2595,326,11
Asus ROG STRIX GAMING,2049.99,GeForce RTX 4090,24,2235,2550,358,11
Asus ROG STRIX GAMING,2479.07,GeForce RTX 4090,24,2235,2550,358,11
Gigabyte WINDFORCE V2,1999.0,GeForce RTX 4090,24,2235,2520,331,11
Gigabyte WINDFORCE,2399.0,GeForce RTX 4090,24,2235,2520,331,11
Asus TUF GAMING,1599.99,GeForce RTX 4090,24,2235,2550,348,11
Zotac GAMING Trinity OC,2289.0,GeForce RTX 4090,24,2235,2535,356,11
Palit GameRock,2379.27,GeForce RTX 4090,24,2235,2520,329,11
Zotac GAMING Trinity OC,2479.0,GeForce RTX 4090,24,2235,2535,356,11
PNY XLR8 Gaming VERTO EPIC-X RGB,1869.0,GeForce RTX 4090,24,2230,2520,332,11
Zotac GAMING Trinity,2249.0,GeForce RTX 4090,24,2235,2520,356,11
Zotac GAMING AMP Extreme AIRO,2329.0,GeForce RTX 4090,24,2235,2580,356,11
Palit GameRock OC,2255.45,GeForce RTX 4090,24,2235,2610,329,11
Asus TUF Gaming OG,2299.98,GeForce RTX 4090,24,2235,2550,326,11
PNY VERTO,1799.99,GeForce RTX 4090,24,2235,2520,337,11
Gigabyte AERO OC,1869.98,GeForce RTX 4090,24,2520,2535,342,11
MSI GAMING X SLIM,1919.99,GeForce RTX 4090,24,2235,2610,322,11
Asus TUF GAMING OC,1819.99,GeForce RTX 4090,24,2235,2595,348,11
Asus ROG STRIX GAMING OC,2099.99,GeForce RTX 4090,24,2235,2640,358,11
NVIDIA Founders Edition,2129.94,GeForce RTX 4090,24,2230,2520,304,11
Asus ROG STRIX GAMING OC,1999.99,GeForce RTX 4090,24,2235,2640,358,11
Zotac GAMING AMP Holo,1049.0,GeForce RTX 3080 Ti,12,1365,1710,318,12
MSI VENTUS 3X OC,1175.02,GeForce RTX 3080 Ti,12,1365,1695,305,12
Gigabyte AORUS MASTER,1128.95,GeForce RTX 3080 Ti,12,1365,1770,320,12
Zotac GAMING Trinity OC,1099.9,GeForce RTX 3080 Ti,12,1365,1695,318,12
Asus TUF GAMING OC,1685.51,GeForce RTX 3080 Ti,12,1365,1695,300,12
NVIDIA Founders Edition,1064.99,GeForce RTX 3080 Ti,12,1370,1670,285,12
Asus ROG STRIX GAMING OC,1349.95,GeForce RTX 3080 Ti,12,1365,1845,318,12
EVGA FTW3 ULTRA HYBRID GAMING iCX3,1499.0,GeForce RTX 3080 Ti,12,1365,1800,300,12
EVGA XC3 ULTRA GAMING iCX3,1269.0,GeForce RTX 3080 Ti,12,1365,1725,300,12
Gigabyte AORUS XTREME,1499.99,GeForce RTX 3080 Ti,12,1365,1770,320,12
Asus ROG STRIX LC GAMING OC,1299.99,GeForce RTX 3080 Ti,12,1365,1860,293,12
Zotac AMP Extreme Holo,2276.13,GeForce RTX 3080 Ti,12,1365,1785,356,12
Zotac GAMING Trinity,1989.99,GeForce RTX 3080 Ti,12,1365,1665,318,12
EVGA FTW3 ULTRA GAMING LE iCX3,1175.0,GeForce RTX 3080 Ti,12,1365,1800,300,12
Asus TUF GAMING,1299.0,GeForce RTX 3080 Ti,12,1365,1695,300,12
MSI GAMING X TRIO,1349.95,GeForce RTX 3080 Ti,12,1365,1770,324,12
Sapphire NITRO+,1483.94,Radeon RX 6950 XT,16,1890,2324,320,13
MSI GAMING X TRIO,1399.99,Radeon RX 6950 XT,16,1890,2454,325,13
XFX Speedster MERC 319,779.99,Radeon RX 6950 XT,16,2009,2368,340,13
XFX Speedster MERC 319,2002.49,Radeon RX 6900 XT,16,1825,2365,340,14
PowerColor Red Devil Ultimate,1499.99,Radeon RX 6900 XT,16,1825,2425,320,14
MSI Radeon RX 6900 XT GAMING X TRIO 16G,1045.52,Radeon RX 6900 XT,16,1825,2340,324,14
Sapphire NITRO+ SE,1298.97,Radeon RX 6900 XT,16,1825,2365,310,14
Sapphire TOXIC Limited Edition,1336.99,Radeon RX 6900 XT,16,1825,2600,270,14
AMD â€Ž100-438373,999.99,Radeon RX 6900 XT,16,1825,2250,267,14
Asus TUF GAMING OC,1399.99,Radeon RX 6900 XT,16,1825,2340,320,14
XFX Speedster MERC 319 Ultra,1799.99,Radeon RX 6900 XT,16,1925,2340,340,14
PowerColor Red Devil OC,706.16,Radeon RX 6900 XT,16,2015,2340,332,14
Sapphire Toxic Extreme Edition,1778.62,Radeon RX 6900 XT,16,1825,2525,270,14
Asus ROG-STRIX-LC-RX6900XT-T16G-GAMING,1832.81,Radeon RX 6900 XT,16,1825,2525,277,14
Sapphire TOXIC Limited Edition,1419.09,Radeon RX 6900 XT,16,1825,2600,270,14
PowerColor Red Devil Limited Edition,1999.99,Radeon RX 6900 XT,16,1825,2340,320,14
Gigabyte GAMING OC,1720.23,Radeon RX 6900 XT,16,1825,2285,286,14
ASRock OC Formula,1612.36,Radeon RX 6900 XT,16,2125,2475,332,14
XFX Speedster SWFT 319,779.99,Radeon RX 6900 XT,16,1825,2250,340,14
ASRock Phantom Gaming D OC,999.0,Radeon RX 6900 XT,16,1925,2340,330,14
Sapphire NITRO+,1399.0,Radeon RX 6900 XT,16,1825,2285,310,14
MSI Radeon RX 6900 XT GAMING Z TRIO 16G,1233.48,Radeon RX 6900 XT,16,1825,2425,324,14
GALAX EX Gamer White,589.99,GeForce RTX 4070,12,1920,2550,323,16
PNY VERTO,549.87,GeForce RTX 4070,12,1920,2475,247,16
Gigabyte GAMING OC,589.99,GeForce RTX 4070,12,1920,2565,300,16
MSI VENTUS 2X E OC,609.55,GeForce RTX 4070,12,1920,2520,245,16
Zotac GAMING Twin Edge OC,524.99,GeForce RTX 4070,12,1920,2490,226,16
Gigabyte AERO OC,839.99,GeForce RTX 4070,12,1920,2565,300,16
Zotac Twin Edge OC,539.99,GeForce RTX 4070,12,1920,2490,226,16
Gigabyte WINDFORCE 2X OC,549.99,GeForce RTX 4070,12,2475,2490,201,16
MSI GAMING X SLIM,817.21,GeForce RTX 4070,12,1920,2625,307,16
Zotac Twin Edge,860.42,GeForce RTX 4070,12,1920,2475,226,16
Asus TUF GAMING,649.99,GeForce RTX 4070,12,2475,2505,301,16
Asus ROG STRIX GAMING OC,699.99,GeForce RTX 4070,12,1920,2640,339,16
Palit Dual,677.5,GeForce RTX 4070,12,1920,2475,269,16
Asus ProArt OC,599.99,GeForce RTX 4070,12,1920,2565,300,16
Inno3D Twin X2,682.95,GeForce RTX 4070,12,1920,2475,250,16
Inno3D X3 OC,1021.46,GeForce RTX 4070,12,1920,2505,297,16
Palit JetStream,735.14,GeForce RTX 4070,12,1920,2475,329,16
Palit Dual OC,705.83,GeForce RTX 4070,12,1920,2550,269,16
GALAX EX Gamer,549.97,GeForce RTX 4070,12,1920,2550,323,16
Zotac GAMING Twin Edge OC Spider-Man: Across the Spider-Verse,699.99,GeForce RTX 4070,12,1920,2490,226,16
Asus DUAL,529.99,GeForce RTX 4070,12,2475,2505,267,16
Asus DUAL EVO OC,524.99,GeForce RTX 4070,12,1920,2550,227,16
Zotac GAMING Trinity,744.39,GeForce RTX 4070,12,1920,2475,307,16
PNY XLR8 Gaming VERTO EPIC-X RGB OC,584.63,GeForce RTX 4070,12,1920,2520,305,16
Asus STRIX GAMING,719.99,GeForce RTX 4070,12,2475,2505,339,16
Inno3D Twin X2 OC,681.56,GeForce RTX 4070,12,1920,2505,250,16
MSI VENTUS 2X OC,549.99,GeForce RTX 4070,12,1920,2520,242,16
MSI VENTUS 3X E OC,709.51,GeForce RTX 4070,12,1920,2520,308,16
Asus DUAL,591.68,GeForce RTX 4070,12,2475,2505,267,16
MSI VENTUS 2X OC,529.99,GeForce RTX 4070,12,1920,2520,242,16
Asus TUF GAMING OC,729.0,GeForce RTX 4070,12,2550,2580,301,16
MSI GAMING X SLIM,529.99,GeForce RTX 4070,12,1920,2625,307,16
NVIDIA Founders Edition,696.0,GeForce RTX 4070,12,1920,2480,244,16
Asus DUAL OC,539.99,GeForce RTX 4070,12,2520,2550,267,16
Asus DUAL OC,539.99,GeForce RTX 4070,12,2520,2550,267,16
Gigabyte WINDFORCE OC,569.99,GeForce RTX 4070,12,1920,2490,261,16
PNY XLR8 Gaming VERTO EPIC-X RGB,579.0,GeForce RTX 4070,12,1920,2475,305,16
Palit GamingPro OC,741.81,GeForce RTX 4070,12,1920,2595,329,16
Gigabyte AORUS MASTER,1449.99,GeForce RTX 3080 12GB LHR,12,1260,1830,319,17
EVGA XC3 ULTRA GAMING,1429.95,GeForce RTX 3080 12GB LHR,12,1260,1755,285,17
MSI GAMING Z TRIO,1998.0,GeForce RTX 3080 12GB LHR,12,1260,1815,323,17
Asus ROG STRIX GAMING OC,1049.99,GeForce RTX 3080 12GB LHR,12,1260,1890,318,17
EVGA FTW3 ULTRA GAMING,899.0,GeForce RTX 3080 12GB LHR,12,1260,1800,300,17
Asus TUF GAMING OC,1159.0,GeForce RTX 3080 12GB LHR,12,1260,1815,300,17
Zotac GAMING Trinity OC,1372.0,GeForce RTX 3080 12GB LHR,12,1260,1725,318,17
EVGA XC3 ULTRA HYBRID GAMING,1279.0,GeForce RTX 3080 12GB LHR,12,1260,1755,263,17
Gigabyte GAMING OC,1239.9,GeForce RTX 3080 12GB LHR,12,1260,1755,320,17
MSI VENTUS 3X PLUS OC,1199.0,GeForce RTX 3080 12GB LHR,12,1260,1740,305,17
Gigabyte AORUS XTREME WATERFORCE,1998.0,GeForce RTX 3080 12GB LHR,12,1260,1830,252,17
EVGA XC3 BLACK GAMING,999.0,GeForce RTX 3080 12GB LHR,12,1260,1710,285,17
PowerColor Fighter OC,509.99,Radeon RX 7800 XT,16,1295,2475,290,19
Sapphire PURE,539.99,Radeon RX 7800 XT,16,1295,2475,320,19
XFX Speedster QICK 319 Core,499.99,Radeon RX 7800 XT,16,1295,2430,335,19
PowerColor Hellhound OC,499.99,Radeon RX 7800 XT,16,1295,2520,322,19
Asus TUF GAMING OC,539.99,Radeon RX 7800 XT,16,1295,2565,320,19
ASRock Challenger OC,499.99,Radeon RX 7800 XT,16,1295,2475,267,19
Asus DUAL OC,499.99,Radeon RX 7800 XT,16,1295,2520,280,19
XFX Speedster MERC 319 Black,509.99,Radeon RX 7800 XT,16,1295,2565,326,19
ASRock Phantom Gaming OC,529.99,Radeon RX 7800 XT,16,1295,2565,328,19
PowerColor Red Devil OC,519.99,Radeon RX 7800 XT,16,1295,2565,332,19
ASRock Steel Legend OC,690.17,Radeon RX 7800 XT,16,1295,2520,304,19
Gigabyte GAMING OC,499.99,Radeon RX 7800 XT,16,1295,2565,302,19
Sapphire 21330-01-20G,509.99,Radeon RX 7800 XT,16,1295,2430,267,19
PowerColor Hellhound Spectral,579.99,Radeon RX 7800 XT,16,1295,2520,322,19
Gigabyte AORUS MASTER,1899.0,Radeon RX 6800 XT,16,1825,2310,324,21
PowerColor Red Dragon OC,698.0,Radeon RX 6800 XT,16,1825,2310,310,21
XFX Speedster MERC 319 CORE,699.99,Radeon RX 6800 XT,16,1825,2250,340,21
PowerColor Red Devil OC,799.97,Radeon RX 6800 XT,16,1825,2340,320,21
Asus TUF-RX6800XT-O16G-GAMING,1078.0,Radeon RX 6800 XT,16,1825,2340,320,21
Gigabyte GAMING OC,771.23,Radeon RX 6800 XT,16,1825,2285,286,21
XFX RX-68XTACBD9,880.99,Radeon RX 6800 XT,16,1925,2360,340,21
MSI Radeon RX 6800 XT Gaming X Trio 16G,1129.99,Radeon RX 6800 XT,16,1850,2285,324,21
NVIDIA TITAN RTX,1449.0,TITAN RTX,24,1350,1770,267,22
PNY VCQRTX6000-PB,1959.0,Quadro RTX 6000,24,1440,1770,267,23
PNY VERTO,499.99,GeForce RTX 3070 Ti,8,1575,1770,305,25
Gigabyte AORUS MASTER,964.18,GeForce RTX 3070 Ti,8,1575,1875,324,25
EVGA FTW3 ULTRA GAMING,729.0,GeForce RTX 3070 Ti,8,1575,1860,300,25
Gigabyte GAMING OC,715.9,GeForce RTX 3070 Ti,8,1575,1830,320,25
Zotac GAMING Trinity OC,649.9,GeForce RTX 3070 Ti,8,1575,1800,318,25
Zotac GAMING Trinity,639.99,GeForce RTX 3070 Ti,8,1575,1770,318,25
Inno3D iChill X4,1114.08,GeForce RTX 3070 Ti,8,1575,1830,300,25
MSI VENTUS 3X OC,579.99,GeForce RTX 3070 Ti,8,1575,1800,316,25
MSI GAMING X TRIO,615.0,GeForce RTX 3070 Ti,8,1575,1830,323,25
Asus TUF GAMING OC V2,783.38,GeForce RTX 3070 Ti,8,1575,1815,300,25
Zotac GAMING AMP Holo,573.62,GeForce RTX 3070 Ti,8,1575,1830,317,25
Gigabyte Vision OC,883.06,GeForce RTX 3070 Ti,8,1575,1830,320,25
Asus TUF GAMING OC,611.91,GeForce RTX 3070 Ti,8,1575,1815,300,25
EVGA XC3 ULTRA GAMING,596.0,GeForce RTX 3070 Ti,8,1575,1815,285,25
Asus TUF GAMING,649.0,GeForce RTX 3070 Ti,8,1575,1800,300,25
EVGA XC ULTRA GAMING,1079.0,GeForce RTX 2080 Ti,11,1350,1650,270,26
EVGA FTW3 ULTRA GAMING,1279.0,GeForce RTX 2080 Ti,11,1350,1755,302,26
EVGA Black,1499.99,GeForce RTX 2080 Ti,11,1350,1545,270,26
PNY Blower,999.0,GeForce RTX 2080 Ti,11,1350,1545,267,26
Asus STRIX GAMING,1079.0,GeForce RTX 2080 Ti,11,1350,1560,305,26
EVGA XC HYBRID GAMING,1999.99,GeForce RTX 2080 Ti,11,1350,1635,269,26
EVGA FTW3 GAMING,1079.0,GeForce RTX 2080 Ti,11,1350,1545,302,26
PNY XLR8 Gaming Overclocked Edition,1989.0,GeForce RTX 2080 Ti,11,1350,1635,302,26
NVIDIA Founders Edition,987.0,GeForce RTX 2080 Ti,11,1350,1635,267,26
Asus STRIX GAMING OC,979.0,GeForce RTX 2080 Ti,11,1350,1665,305,26
Sapphire PULSE,399.99,Radeon RX 7700 XT,12,1700,2544,280,27
XFX Speedster QICK 319 BLACK,419.0,Radeon RX 7700 XT,12,1700,2599,335,27
ASRock Phantom Gaming OC,439.99,Radeon RX 7700 XT,12,1700,2599,328,27
PowerColor Hellhound OC,439.99,Radeon RX 7700 XT,12,1700,2599,332,27
ASRock Steel Legend OC,439.99,Radeon RX 7700 XT,12,1700,2599,304,27
Asus DUAL OC,459.99,Radeon RX 7700 XT,12,1700,2599,280,27
Asus TUF GAMING OC,500.0,Radeon RX 7700 XT,12,1700,2599,320,27
Sapphire PURE,419.99,Radeon RX 7700 XT,12,1700,2584,320,27
PowerColor Fighter OC,399.99,Radeon RX 7700 XT,12,1700,2584,290,27
Gigabyte GAMING OC,419.0,Radeon RX 7700 XT,12,1700,2599,302,27
ASRock Challenger OC,399.99,Radeon RX 7700 XT,12,1700,2584,266,27
MSI GeForce RTX 3070 VENTUS 3X,626.41,GeForce RTX 3070,8,1500,1725,305,28
Gigabyte EAGLE OC,610.0,GeForce RTX 3070,8,1500,1770,282,28
Gigabyte GAMING OC,603.89,GeForce RTX 3070,8,1500,1815,286,28
Asus TUF GAMING OC,535.0,GeForce RTX 3070,8,1500,1845,300,28
Asus KO Gaming OC,689.0,GeForce RTX 3070,8,1500,1845,275,28
EVGA XC3 BLACK GAMING,789.99,GeForce RTX 3070,8,1500,1725,285,28
Gigabyte Vision OC,799.99,GeForce RTX 3070,8,1500,1815,286,28
Zotac GAMING Twin Edge OC,649.9,GeForce RTX 3070,8,1500,1755,232,28
EVGA XC3 ULTRA GAMING,547.24,GeForce RTX 3070,8,1500,1770,285,28
MSI VENTUS 2X OC,849.0,GeForce RTX 3070,8,1500,1755,232,28
Gigabyte AORUS MASTER,799.99,GeForce RTX 3070,8,1500,1845,290,28
Asus ROG STRIX GAMING OC,739.0,GeForce RTX 3070,8,1500,1905,318,28
MSI GeForce RTX 3070 VENTUS 3X OC,626.41,GeForce RTX 3070,8,1500,1755,305,28
Gigabyte EAGLE,554.38,GeForce RTX 3070,8,1500,1725,282,28
Zotac GAMING AMP Holo,629.9,GeForce RTX 3070,8,1500,1785,291,28
MSI RTX 3070 GAMING X TRIO,849.0,GeForce RTX 3070,8,1500,1830,323,28
EVGA FTW3 ULTRA GAMING,522.38,GeForce RTX 3070,8,1500,1815,300,28
Palit Dual,501.69,GeForce RTX 4060 Ti,8,2310,2535,250,29
Asus DUAL OC,499.0,GeForce RTX 4060 Ti,16,2310,2625,227,29
Palit Dual OC,539.69,GeForce RTX 4060 Ti,8,2310,2685,250,29
Inno3D Twin X2 OC,565.89,GeForce RTX 4060 Ti,16,2310,2595,250,29
PNY VERTO,449.99,GeForce RTX 4060 Ti,16,2310,2535,245,29
Palit JetStream OC,581.88,GeForce RTX 4060 Ti,16,2310,2595,250,29
Palit JetStream,597.24,GeForce RTX 4060 Ti,16,2310,2535,250,29
Inno3D Twin X2,477.28,GeForce RTX 4060 Ti,8,2310,2535,250,29
Gainward Ghost,467.36,GeForce RTX 4060 Ti,8,2310,2535,250,29
Zotac GAMING Twin Edge OC Spider-Man: Across the Spider-Verse,499.21,GeForce RTX 4060 Ti,8,2310,2550,226,29
Asus DUAL EVO OC,399.99,GeForce RTX 4060 Ti,8,2310,2595,227,29
Inno3D Twin X2,537.56,GeForce RTX 4060 Ti,16,2310,2535,250,29
Inno3D Twin X2 OC,540.78,GeForce RTX 4060 Ti,16,2310,2595,250,29
Asus TUF GAMING,449.99,GeForce RTX 4060 Ti,8,2310,2565,300,29
Asus ROG STRIX OC,479.99,GeForce RTX 4060 Ti,8,2310,2715,311,29
Asus DUAL,409.0,GeForce RTX 4060 Ti,8,2310,2565,227,29
PNY XLR8 Gaming VERTO EPIC-X RGB,389.99,GeForce RTX 4060 Ti,8,2310,2535,305,29
Palit StormX,491.49,GeForce RTX 4060 Ti,8,2310,2535,170,29
MSI GAMING X,463.0,GeForce RTX 4060 Ti,16,2310,2655,247,29
Asus ROG STRIX GAMING OC,635.72,GeForce RTX 4060 Ti,16,2310,2745,311,29
Zotac GAMING AMP Spider-Man: Across the Spider-Verse,659.57,GeForce RTX 4060 Ti,16,2310,2595,226,29
PNY XLR8 Gaming VERTO EPIC-X RGB OC,489.99,GeForce RTX 4060 Ti,16,2310,2580,305,29
Zotac GAMING Twin Edge OC,419.99,GeForce RTX 4060 Ti,8,2310,2565,226,29
PNY VERTO,389.0,GeForce RTX 4060 Ti,8,2310,2535,245,29
Asus DUAL OC,384.99,GeForce RTX 4060 Ti,8,2310,2595,227,29
Asus TUF GAMING OC,439.99,GeForce RTX 4060 Ti,8,2310,2655,300,29
Gigabyte WINDFORCE OC,449.99,GeForce RTX 4060 Ti,16,2310,2565,201,29
Gigabyte AERO OC,499.99,GeForce RTX 4060 Ti,16,2310,2595,281,29
Gigabyte GAMING OC,479.99,GeForce RTX 4060 Ti,16,2310,2595,281,29
MSI VENTUS 3X OC,469.0,GeForce RTX 4060 Ti,16,2310,2625,308,29
MSI GAMING X SLIM,519.99,GeForce RTX 4060 Ti,16,2310,2685,307,29
Asus DUAL OC,399.99,GeForce RTX 4060 Ti,8,2310,2595,227,29
MSI GAMING X SLIM,459.99,GeForce RTX 4060 Ti,16,2310,2685,307,29
Asus DUAL Advanced,573.52,GeForce RTX 4060 Ti,16,2310,2580,227,29
Gigabyte WINDFORCE OC,390.99,GeForce RTX 4060 Ti,8,2310,2550,201,29
Asus ProArt OC,509.99,GeForce RTX 4060 Ti,16,2310,2685,300,29
Zotac GAMING Twin Edge,553.12,GeForce RTX 4060 Ti,16,2310,2535,226,29
XFX Speedster QICK 319 BLACK,1099.99,Radeon RX 6800,16,1850,2190,340,30
Gigabyte AORUS MASTER,1015.48,Radeon RX 6800,16,1700,2190,324,30
XFX Speedster QICK 319 Core,499.99,Radeon RX 6800,16,1700,2105,340,30
MSI Radeon RX 6800 GAMING X TRIO 16G,1115.48,Radeon RX 6800,16,1700,2155,324,30
PowerColor Red Dragon OC,849.99,Radeon RX 6800,16,1700,2170,310,30
XFX Speedster SWFT 319 Core,379.99,Radeon RX 6800,16,1700,2105,340,30
XFX Speedster SWFT 319,379.99,Radeon RX 6800,16,1700,2105,340,30
NVIDIA 900-1G500-2500-000,1299.99,Titan V,12,1200,1455,267,31
MSI VENTUS 3X OC,1175.02,GeForce RTX 3080 Ti,12,1365,1695,305,32
NVIDIA Founders Edition,1064.99,GeForce RTX 3080 Ti,12,1370,1670,285,32
EVGA FTW3 ULTRA GAMING LE iCX3,1175.0,GeForce RTX 3080 Ti,12,1365,1800,300,32
Asus ROG STRIX GAMING OC,1349.95,GeForce RTX 3080 Ti,12,1365,1845,318,32
Asus TUF GAMING OC,1685.51,GeForce RTX 3080 Ti,12,1365,1695,300,32
Zotac GAMING Trinity OC,1099.9,GeForce RTX 3080 Ti,12,1365,1695,318,32
MSI GAMING X TRIO,1349.95,GeForce RTX 3080 Ti,12,1365,1770,324,32
Gigabyte AORUS XTREME,1499.99,GeForce RTX 3080 Ti,12,1365,1770,320,32
EVGA FTW3 ULTRA HYBRID GAMING iCX3,1499.0,GeForce RTX 3080 Ti,12,1365,1800,300,32
Asus ROG STRIX LC GAMING OC,1299.99,GeForce RTX 3080 Ti,12,1365,1860,293,32
Zotac GAMING Trinity,1989.99,GeForce RTX 3080 Ti,12,1365,1665,318,32
EVGA XC3 ULTRA GAMING iCX3,1269.0,GeForce RTX 3080 Ti,12,1365,1725,300,32
Zotac GAMING AMP Holo,1049.0,GeForce RTX 3080 Ti,12,1365,1710,318,32
Zotac AMP Extreme Holo,2276.13,GeForce RTX 3080 Ti,12,1365,1785,356,32
Gigabyte AORUS MASTER,1128.95,GeForce RTX 3080 Ti,12,1365,1770,320,32
Asus TUF GAMING,1299.0,GeForce RTX 3080 Ti,12,1365,1695,300,32
Palit GamingPro OC,741.81,GeForce RTX 4070,12,1920,2595,329,33
Inno3D X3 OC,1021.46,GeForce RTX 4070,12,1920,2505,297,33
Inno3D Twin X2 OC,681.56,GeForce RTX 4070,12,1920,2505,250,33
Asus TUF GAMING OC,729.0,GeForce RTX 4070,12,2550,2580,301,33
Zotac Twin Edge OC,539.99,GeForce RTX 4070,12,1920,2490,226,33
MSI VENTUS 2X E OC,609.55,GeForce RTX 4070,12,1920,2520,245,33
NVIDIA Founders Edition,696.0,GeForce RTX 4070,12,1920,2480,244,33
Asus DUAL OC,539.99,GeForce RTX 4070,12,2520,2550,267,33
Asus DUAL OC,539.99,GeForce RTX 4070,12,2520,2550,267,33
Gigabyte WINDFORCE OC,569.99,GeForce RTX 4070,12,1920,2490,261,33
MSI GAMING X SLIM,529.99,GeForce RTX 4070,12,1920,2625,307,33
Palit Dual OC,705.83,GeForce RTX 4070,12,1920,2550,269,33
Palit JetStream,735.14,GeForce RTX 4070,12,1920,2475,329,33
Zotac GAMING Twin Edge OC Spider-Man: Across the Spider-Verse,699.99,GeForce RTX 4070,12,1920,2490,226,33
MSI GAMING X SLIM,817.21,GeForce RTX 4070,12,1920,2625,307,33
Asus ProArt OC,599.99,GeForce RTX 4070,12,1920,2565,300,33
GALAX EX Gamer White,589.99,GeForce RTX 4070,12,1920,2550,323,33
Zotac Twin Edge,860.42,GeForce RTX 4070,12,1920,2475,226,33
Gigabyte WINDFORCE 2X OC,549.99,GeForce RTX 4070,12,2475,2490,201,33
Asus ROG STRIX GAMING OC,699.99,GeForce RTX 4070,12,1920,2640,339,33
Zotac GAMING Twin Edge OC,524.99,GeForce RTX 4070,12,1920,2490,226,33
Palit Dual,677.5,GeForce RTX 4070,12,1920,2475,269,33
GALAX EX Gamer,549.97,GeForce RTX 4070,12,1920,2550,323,33
Asus DUAL,591.68,GeForce RTX 4070,12,2475,2505,267,33
Gigabyte GAMING OC,589.99,GeForce RTX 4070,12,1920,2565,300,33
Asus TUF GAMING,649.99,GeForce RTX 4070,12,2475,2505,301,33
Gigabyte AERO OC,839.99,GeForce RTX 4070,12,1920,2565,300,33
Asus DUAL,529.99,GeForce RTX 4070,12,2475,2505,267,33
MSI VENTUS 2X OC,549.99,GeForce RTX 4070,12,1920,2520,242,33
MSI VENTUS 2X OC,529.99,GeForce RTX 4070,12,1920,2520,242,33
MSI VENTUS 3X E OC,709.51,GeForce RTX 4070,12,1920,2520,308,33
PNY XLR8 Gaming VERTO EPIC-X RGB,579.0,GeForce RTX 4070,12,1920,2475,305,33
Inno3D Twin X2,682.95,GeForce RTX 4070,12,1920,2475,250,33
PNY VERTO,549.87,GeForce RTX 4070,12,1920,2475,247,33
Asus DUAL EVO OC,524.99,GeForce RTX 4070,12,1920,2550,227,33
Asus STRIX GAMING,719.99,GeForce RTX 4070,12,2475,2505,339,33
PNY XLR8 Gaming VERTO EPIC-X RGB OC,584.63,GeForce RTX 4070,12,1920,2520,305,33
Zotac GAMING Trinity,744.39,GeForce RTX 4070,12,1920,2475,307,33
PNY VCQRTX5000-PB,799.69,Quadro RTX 5000,16,1620,1815,267,34
MSI VENTUS XS OC,849.0,GeForce RTX 2080-S,8,1650,1830,257,35
EVGA BLACK GAMING,1213.99,GeForce RTX 2080-S,8,1650,1815,270,35
EVGA FTW3 ULTRA GAMING,1289.0,GeForce RTX 2080-S,8,1650,1845,302,35
EVGA XC HYBRID GAMING,899.95,GeForce RTX 2080-S,8,1650,1830,266,35
ASRock Challenger Pro OC,339.99,Radeon RX 6750 XT,12,2150,2618,303,36
PowerColor Fighter,329.99,Radeon RX 6750 XT,12,2150,2600,230,36
ASRock Phantom Gaming D OC,576.55,Radeon RX 6750 XT,12,2150,2623,305,36
Gigabyte AORUS ELITE,542.48,Radeon RX 6750 XT,12,2150,2623,296,36
XFX Speedster QICK 319 Core,309.99,Radeon RX 6750 XT,12,2150,2600,323,36
MSI GAMING X TRIO,579.99,Radeon RX 6750 XT,12,2150,2623,327,36
Sapphire PULSE,339.99,Radeon RX 6750 XT,12,2150,2618,280,36
Asus DUAL OC,494.9,Radeon RX 6750 XT,12,2150,2618,295,36
XFX Speedster QICK 319 Core,330.61,Radeon RX 6750 XT,12,2150,2600,323,36
EVGA XC3 ULTRA GAMING,938.95,GeForce RTX 3080 10GB,10,1440,1755,285,37
EVGA XC3 BLACK GAMING,1099.0,GeForce RTX 3080 10GB,10,1440,1710,285,37
Gigabyte AORUS XTREME WATERFORCE,1879.0,GeForce RTX 3080 10GB,10,1440,1845,252,37
Gigabyte EAGLE OC,999.99,GeForce RTX 3080 10GB,10,1440,1755,320,37
EVGA FTW3 ULTRA GAMING,859.99,GeForce RTX 3080 10GB,10,1440,1800,300,37
Zotac GAMING AMP Holo,2048.0,GeForce RTX 3080 10GB,10,1440,1770,318,37
Asus ROG STRIX WHITE OC,1799.99,GeForce RTX 3080 10GB,10,1440,1935,318,37
Zotac GAMING Trinity OC,1159.99,GeForce RTX 3080 10GB,10,1440,1725,318,37
NVIDIA Founders Edition,454.96,GeForce RTX 2080,8,1515,1800,267,39
MSI VENTUS,849.0,GeForce RTX 2080,8,1515,1710,268,39
EVGA Black,849.0,GeForce RTX 2080,8,1515,1710,269,39
MSI SEA HAWK X,855.0,GeForce RTX 2080,8,1515,1860,268,39
EVGA XC ULTRA GAMING,849.0,GeForce RTX 2080,8,1515,1815,270,39
MSI VENTUS 2X OC,289.99,GeForce RTX 4060,8,1830,2505,199,40
Palit Dual,379.13,GeForce RTX 4060,8,1830,2460,250,40
Zotac Twin Edge OC,299.99,GeForce RTX 4060,8,1830,2475,221,40
PNY VERTO,299.68,GeForce RTX 4060,8,1830,2460,210,40
Asus ROG STRIX OC,389.0,GeForce RTX 4060,8,1830,2700,311,40
Zotac GAMING SOLO,289.99,GeForce RTX 4060,8,1830,2460,163,40
Gigabyte OC Low Profile,319.99,GeForce RTX 4060,8,1830,2475,182,40
Asus DUAL OC,309.99,GeForce RTX 4060,8,1830,2535,227,40
MSI GAMING X,314.99,GeForce RTX 4060,8,1830,2610,247,40
Asus DUAL OC,304.99,GeForce RTX 4060,8,1830,2535,227,40
Palit StormX,374.45,GeForce RTX 4060,8,1830,2460,170,40
Zotac GAMING Twin Edge OC,279.99,GeForce RTX 4060,8,1830,2490,221,40
MSI VENTUS 2X BLACK OC,294.0,GeForce RTX 4060,8,1830,2505,199,40
Asus ProArt OC,364.99,GeForce RTX 4060,8,1830,2580,300,40
Asus DUAL EVO OC,309.99,GeForce RTX 4060,8,1830,2535,227,40
Inno3D Twin X2 OC,375.23,GeForce RTX 4060,8,1830,2490,250,40
Inno3D Twin X2,361.61,GeForce RTX 4060,8,1830,2460,250,40
PNY XLR8 Gaming VERTO EPIC-X RGB OC,424.31,GeForce RTX 4060,8,1830,2505,260,40
Inno3D Compact,361.3,GeForce RTX 4060,8,1830,2460,155,40
PNY XLR8 Gaming VERTO EPIC-X RGB,329.99,GeForce RTX 4060,8,1830,2460,260,40
Inno3D Twin X2 OC,388.82,GeForce RTX 4060,8,1830,2490,250,40
PowerColor Hellhound Spectral,1323.0,Radeon RX 6700 XT,12,2321,2581,305,41
Asus DUAL OC,599.0,Radeon RX 6700 XT,12,2321,2622,295,41
XFX Speedster MERC 319 Black,599.99,Radeon RX 6700 XT,12,2321,2622,323,41
XFX Speedster QICK 319 Core,1019.0,Radeon RX 6700 XT,12,2321,2581,323,41
XFX Speedster SWFT 309,329.99,Radeon RX 6700 XT,12,2321,2581,304,41
PowerColor Red Devil,715.04,Radeon RX 6700 XT,12,2321,2622,320,41
XFX Speedster QICK 319 BLACK,616.59,Radeon RX 6700 XT,12,2457,2622,323,41
PowerColor Hellhound,549.99,Radeon RX 6700 XT,12,2321,2581,305,41
Gigabyte Vision OC,883.06,GeForce RTX 3070 Ti,8,1575,1830,320,42
Asus TUF GAMING OC V2,783.38,GeForce RTX 3070 Ti,8,1575,1815,300,42
Zotac GAMING AMP Holo,573.62,GeForce RTX 3070 Ti,8,1575,1830,317,42
Asus TUF GAMING,649.0,GeForce RTX 3070 Ti,8,1575,1800,300,42
Zotac GAMING Trinity OC,649.9,GeForce RTX 3070 Ti,8,1575,1800,318,42
MSI VENTUS 3X OC,579.99,GeForce RTX 3070 Ti,8,1575,1800,316,42
Gigabyte GAMING OC,715.9,GeForce RTX 3070 Ti,8,1575,1830,320,42
Asus TUF GAMING OC,611.91,GeForce RTX 3070 Ti,8,1575,1815,300,42
EVGA FTW3 ULTRA GAMING,729.0,GeForce RTX 3070 Ti,8,1575,1860,300,42
PNY VERTO,499.99,GeForce RTX 3070 Ti,8,1575,1770,305,42
Gigabyte AORUS MASTER,964.18,GeForce RTX 3070 Ti,8,1575,1875,324,42
EVGA XC3 ULTRA GAMING,596.0,GeForce RTX 3070 Ti,8,1575,1815,285,42
Inno3D iChill X4,1114.08,GeForce RTX 3070 Ti,8,1575,1830,300,42
MSI GAMING X TRIO,615.0,GeForce RTX 3070 Ti,8,1575,1830,323,42
Zotac GAMING Trinity,639.99,GeForce RTX 3070 Ti,8,1575,1770,318,42
Sapphire PULSE,329.99,Radeon RX 7600 XT,16,1720,2810,250,43
ASRock Steel Legend OC,349.99,Radeon RX 7600 XT,16,1720,2810,304,43
XFX Speedster QICK 309,349.99,Radeon RX 7600 XT,16,1720,2810,302,43
XFX Speedster SWFT 210,329.99,Radeon RX 7600 XT,16,1720,2755,272,43
PowerColor Hellhound OC,349.99,Radeon RX 7600 XT,16,1720,2810,220,43
PowerColor Fighter,319.99,Radeon RX 7600 XT,16,1720,2755,217,43
Asus DUAL OC,329.99,Radeon RX 7600 XT,16,1720,2801,227,43
Asus TUF GAMING OC,369.99,Radeon RX 7600 XT,16,1720,2830,300,43
EVGA XC HYBRID GAMING,899.95,GeForce RTX 2080-S,8,1650,1830,266,44
EVGA BLACK GAMING,1213.99,GeForce RTX 2080-S,8,1650,1815,270,44
MSI VENTUS XS OC,849.0,GeForce RTX 2080-S,8,1650,1830,257,44
EVGA FTW3 ULTRA GAMING,1289.0,GeForce RTX 2080-S,8,1650,1845,302,44
EVGA FTW3 ULTRA GAMING,1029.0,GeForce RTX 2070-S,8,1605,1815,302,45
MSI GAMING X,1025.78,GeForce RTX 2070-S,8,1605,1800,297,45
NVIDIA Founders Edition,756.48,GeForce RTX 2070-S,8,1605,1770,267,45
MSI GeForce RTX 2070 SUPER VENTUS GP OC,679.0,GeForce RTX 2070-S,8,1605,1785,258,45
Gigabyte GAMING OC 3X,845.0,GeForce RTX 2070-S,8,1605,1815,286,45
Zotac GAMING Twin Edge OC,649.9,GeForce RTX 3070,8,1500,1755,232,46
Gigabyte Vision OC,799.99,GeForce RTX 3070,8,1500,1815,286,46
MSI RTX 3070 GAMING X TRIO,849.0,GeForce RTX 3070,8,1500,1830,323,46
EVGA XC3 ULTRA GAMING,547.24,GeForce RTX 3070,8,1500,1770,285,46
EVGA FTW3 ULTRA GAMING,522.38,GeForce RTX 3070,8,1500,1815,300,46
MSI VENTUS 2X OC,849.0,GeForce RTX 3070,8,1500,1755,232,46
Gigabyte AORUS MASTER,799.99,GeForce RTX 3070,8,1500,1845,290,46
Asus ROG STRIX GAMING OC,739.0,GeForce RTX 3070,8,1500,1905,318,46
Asus TUF GAMING OC,535.0,GeForce RTX 3070,8,1500,1845,300,46
Gigabyte EAGLE,554.38,GeForce RTX 3070,8,1500,1725,282,46
MSI GeForce RTX 3070 VENTUS 3X OC,626.41,GeForce RTX 3070,8,1500,1755,305,46
Asus KO Gaming OC,689.0,GeForce RTX 3070,8,1500,1845,275,46
EVGA XC3 BLACK GAMING,789.99,GeForce RTX 3070,8,1500,1725,285,46
MSI GeForce RTX 3070 VENTUS 3X,626.41,GeForce RTX 3070,8,1500,1725,305,46
Gigabyte EAGLE OC,610.0,GeForce RTX 3070,8,1500,1770,282,46
Zotac GAMING AMP Holo,629.9,GeForce RTX 3070,8,1500,1785,291,46
Gigabyte GAMING OC,603.89,GeForce RTX 3070,8,1500,1815,286,46
PNY XLR8 Gaming VERTO EPIC-X RGB,329.99,GeForce RTX 4060,8,1830,2460,260,47
Inno3D Compact,361.3,GeForce RTX 4060,8,1830,2460,155,47
Inno3D Twin X2,361.61,GeForce RTX 4060,8,1830,2460,250,47
Inno3D Twin X2 OC,388.82,GeForce RTX 4060,8,1830,2490,250,47
Asus ProArt OC,364.99,GeForce RTX 4060,8,1830,2580,300,47
Palit StormX,374.45,GeForce RTX 4060,8,1830,2460,170,47
PNY XLR8 Gaming VERTO EPIC-X RGB OC,424.31,GeForce RTX 4060,8,1830,2505,260,47
Palit Dual,379.13,GeForce RTX 4060,8,1830,2460,250,47
Inno3D Twin X2 OC,375.23,GeForce RTX 4060,8,1830,2490,250,47
Zotac Twin Edge OC,299.99,GeForce RTX 4060,8,1830,2475,221,47
Asus DUAL OC,304.99,GeForce RTX 4060,8,1830,2535,227,47
Asus DUAL OC,309.99,GeForce RTX 4060,8,1830,2535,227,47
MSI VENTUS 2X BLACK OC,294.0,GeForce RTX 4060,8,1830,2505,199,47
Zotac GAMING Twin Edge OC,279.99,GeForce RTX 4060,8,1830,2490,221,47
MSI VENTUS 2X OC,289.99,GeForce RTX 4060,8,1830,2505,199,47
MSI GAMING X,314.99,GeForce RTX 4060,8,1830,2610,247,47
PNY VERTO,299.68,GeForce RTX 4060,8,1830,2460,210,47
Gigabyte OC Low Profile,319.99,GeForce RTX 4060,8,1830,2475,182,47
Zotac GAMING SOLO,289.99,GeForce RTX 4060,8,1830,2460,163,47
Asus ROG STRIX OC,389.0,GeForce RTX 4060,8,1830,2700,311,47
Asus DUAL EVO OC,309.99,GeForce RTX 4060,8,1830,2535,227,47
MSI SEA HAWK X,855.0,GeForce RTX 2080,8,1515,1860,268,48
EVGA XC ULTRA GAMING,849.0,GeForce RTX 2080,8,1515,1815,270,48
EVGA Black,849.0,GeForce RTX 2080,8,1515,1710,269,48
NVIDIA Founders Edition,454.96,GeForce RTX 2080,8,1515,1800,267,48
MSI VENTUS,849.0,GeForce RTX 2080,8,1515,1710,268,48
Asus DUAL OC,279.83,Radeon RX 7600,8,1720,2745,245,50
Asus ROG STRIX OC,355.7,Radeon RX 7600,8,1720,2755,281,50
PowerColor Hellhound,269.99,Radeon RX 7600,8,1720,2655,234,50
ASRock Steel Legend OC,269.99,Radeon RX 7600,8,1720,2725,303,50
Acer Predator BiFrost OC,269.99,Radeon RX 7600,8,1720,2725,267,50
ASRock Phantom Gaming OC,377.19,Radeon RX 7600,8,1720,2755,305,50
PowerColor Fighter,269.99,Radeon RX 7600,8,1720,2655,212,50
ASRock Challenger OC,259.99,Radeon RX 7600,8,1720,2695,269,50
XFX Speedster SWFT 210 Core,249.99,Radeon RX 7600,8,1875,2655,241,50
Asus DUAL OC V2,279.99,Radeon RX 7600,8,1720,2715,245,50
MSI MECH 2X CLASSIC OC,249.99,Radeon RX 7600,8,1720,2695,235,50
Sapphire PULSE,269.99,Radeon RX 7600,8,1720,2755,240,50
Gigabyte GAMING OC,269.99,Radeon RX 7600,8,1720,2755,282,50
XFX Speedster QICK 308 Black,249.99,Radeon RX 7600,8,1875,2755,272,50
XFX Speedster MERC 308 Black,399.99,Radeon RX 6650 XT,8,2055,2694,274,51
PowerColor Fighter,249.99,Radeon RX 6650 XT,8,2055,2635,200,51
Asus DUAL,429.99,Radeon RX 6650 XT,8,2055,2689,243,51
XFX Speedster SWFT 210 Core,249.99,Radeon RX 6650 XT,8,2055,2635,241,51
XFX Speedster QICK 308 ULTRA,527.19,Radeon RX 6650 XT,8,2055,2689,274,51
Asus ROG STRIX GAMING OC,459.99,Radeon RX 6650 XT,8,2055,2694,281,51
Sapphire NITRO+,520.0,Radeon RX 6650 XT,8,2055,2694,260,51
XFX Speedster SWFT 210 Core,230.61,Radeon RX 6650 XT,8,2055,2635,241,51
Sparkle TITAN OC,294.0,Arc A770,16,2100,2300,306,52
Acer Predator BiFrost OC,299.99,Arc A770,16,2200,2400,267,52
ASRock Challenger OC,279.99,Arc A770,16,2100,2150,271,52
Sapphire PULSE,834.41,Radeon RX 6700,10,1941,2495,260,54
Gigabyte EAGLE,587.49,Radeon RX 6600 XT,8,1968,2589,282,55
XFX Speedster MERC 308 Black,425.99,Radeon RX 6600 XT,8,2188,2607,274,55
Gigabyte GAMING OC PRO,530.8,Radeon RX 6600 XT,8,1968,2607,282,55
Sapphire PULSE,566.19,Radeon RX 6600 XT,8,1968,2593,240,55
XFX Speedster QICK 308 Black,649.99,Radeon RX 6600 XT,8,2188,2607,274,55
Asus ROG STRIX GAMING OC,449.99,Radeon RX 6600 XT,8,1968,2607,243,55
MSI Radeon RX 6600 XT MECH 2X 8G OCV1,370.25,Radeon RX 6600 XT,8,1968,2602,215,55
MSI GAMING X,506.49,Radeon RX 6600 XT,8,1968,2607,277,55
Asus DUAL OC,449.99,Radeon RX 6600 XT,8,1968,2607,243,55
Gigabyte GAMING OC,349.0,Radeon RX 6600 XT,8,1968,2593,282,55
XFX Speedster SWFT 210,399.99,Radeon RX 6600 XT,8,2092,2589,241,55
PowerColor Red Devil,585.79,Radeon RX 6600 XT,8,1968,2607,251,55
MSI RX 6600 XT MECH 2X 8G OC,505.14,Radeon RX 6600 XT,8,1968,2602,235,55
Asus STRIX GAMING OC,675.0,GeForce RTX 2070,8,1410,1845,305,56
MSI MSI RTX 2070 Ventus 8G Video Card,629.0,GeForce RTX 2070,8,1410,1620,226,56
MSI DUKE,675.0,GeForce RTX 2070,8,1410,1755,314,56
EVGA XC GAMING,1020.52,GeForce RTX 2070,8,1410,1710,269,56
Asus STRIX GAMING Advanced,675.0,GeForce RTX 2070,8,1410,1680,300,56
EVGA Black,347.26,GeForce RTX 2070,8,1410,1620,269,56
Sparkle ORC OC,259.81,Arc A750,8,2050,2200,222,58
Sparkle TITAN OC,209.99,Arc A750,8,2050,2300,306,58
Acer Predator BiFrost OC,209.99,Arc A750,8,2200,2400,267,58
MSI GeForce RTX 3060 Ventus 2X 12G,289.99,GeForce RTX 3060 12GB,12,1320,1777,235,59
Asus ROG STRIX GAMING OC V2,585.21,GeForce RTX 3060 12GB,12,1320,1912,300,59
MSI GAMING X TRIO,679.01,GeForce RTX 3060 12GB,12,1320,1852,323,59
Inno3D Twin X2,352.18,GeForce RTX 3060 12GB,12,1320,1777,240,59
Asus TUF GAMING OC V2,479.99,GeForce RTX 3060 12GB,12,1320,1882,301,59
PNY VERTO,349.99,GeForce RTX 3060 12GB,12,1320,1777,247,59
EVGA XC BLACK GAMING,610.0,GeForce RTX 3060 12GB,12,1320,1777,202,59
Gigabyte VISION OC Rev 2.0,568.86,GeForce RTX 3060 12GB,12,1320,1837,280,59
Gigabyte WINDFORCE OC Rev 2.0,477.0,GeForce RTX 3060 12GB,12,1320,1792,198,59
Asus Phoenix GeForce RTX 3060 V2,289.99,GeForce RTX 3060 12GB,12,1320,1807,177,59
EVGA XC GAMING,549.95,GeForce RTX 3060 12GB,12,1320,1882,202,59
Gigabyte WINDFORCE OC,424.92,GeForce RTX 3060 12GB,12,1320,1792,198,59
Zotac GAMING Twin Edge OC,347.95,GeForce RTX 3060 12GB,12,1320,1807,224,59
Asus Phoenix,449.0,GeForce RTX 3060 12GB,12,1320,1807,177,59
Zotac GAMING Twin Edge,355.92,GeForce RTX 3060 12GB,12,1320,1777,224,59
Asus DUAL OC,299.99,GeForce RTX 3060 12GB,12,1320,1867,200,59
Asus KO OC V2,609.18,GeForce RTX 3060 12GB,12,1320,1882,275,59
Asus Dual GeForce RTX 3060 V2 OC Edition,299.99,GeForce RTX 3060 12GB,12,1320,1867,200,59
MSI RTX 3060 Ventus 3X 12G OC,299.99,GeForce RTX 3060 12GB,12,1320,1807,316,59
NVIDIA Founders Edition,369.0,GeForce RTX 2060-S,8,1470,1650,229,60
Asus Turbo EVO,695.0,GeForce RTX 2060-S,8,1500,1680,268,60
ASRock Challenger D OC,299.99,Radeon RX 5700 XT,8,1650,1905,281,61
Gigabyte GAMING OC,499.0,Radeon RX 5700 XT,8,1650,1905,280,61
PNY VCQRTX4000-PB,629.96,Quadro RTX 4000,8,1005,1545,267,63
NVIDIA Founders Edition,756.48,GeForce RTX 2070-S,8,1605,1770,267,64
MSI GAMING X,1025.78,GeForce RTX 2070-S,8,1605,1800,297,64
Gigabyte GAMING OC 3X,845.0,GeForce RTX 2070-S,8,1605,1815,286,64
MSI GeForce RTX 2070 SUPER VENTUS GP OC,679.0,GeForce RTX 2070-S,8,1605,1785,258,64
EVGA FTW3 ULTRA GAMING,1029.0,GeForce RTX 2070-S,8,1605,1815,302,64
EVGA FTW2 GAMING iCX,699.0,GeForce GTX 1070 Ti,8,1607,1683,267,67
MSI AERO,549.0,GeForce GTX 1070 Ti,8,1607,1683,269,67
MSI DUKE,599.0,GeForce GTX 1070 Ti,8,1607,1683,312,67
MSI GTX 1070 TI TITANIUM 8G,699.0,GeForce GTX 1070 Ti,8,1607,1683,279,67
MSI GAMING,729.0,GeForce GTX 1070 Ti,8,1607,1683,279,67
EVGA SC GAMING ACX 3.0 Black Edition,570.0,GeForce GTX 1070 Ti,8,1607,1683,267,67
Asus ROG STRIX,599.0,GeForce GTX 1070 Ti,8,1607,1759,298,67
EVGA GAMING,699.0,GeForce GTX 1070 Ti,8,1607,1683,267,67
Zotac AMP Extreme,549.0,GeForce GTX 1070 Ti,8,1607,1683,325,67
EVGA FTW ULTRA SILENT GAMING,699.0,GeForce GTX 1070 Ti,8,1607,1683,267,67
EVGA XC HYBRID GAMING,899.95,GeForce RTX 2080-S,8,1650,1830,266,68
EVGA FTW3 ULTRA GAMING,1289.0,GeForce RTX 2080-S,8,1650,1845,302,68
MSI VENTUS XS OC,849.0,GeForce RTX 2080-S,8,1650,1830,257,68
EVGA BLACK GAMING,1213.99,GeForce RTX 2080-S,8,1650,1815,270,68
NVIDIA Founders Edition,454.96,GeForce RTX 2080,8,1515,1800,267,69
MSI SEA HAWK X,855.0,GeForce RTX 2080,8,1515,1860,268,69
EVGA Black,849.0,GeForce RTX 2080,8,1515,1710,269,69
MSI VENTUS,849.0,GeForce RTX 2080,8,1515,1710,268,69
EVGA XC ULTRA GAMING,849.0,GeForce RTX 2080,8,1515,1815,270,69
MSI VENTUS 2X OC,259.99,GeForce RTX 3060 8GB,8,1320,1807,235,70
Asus DUAL OC,429.43,GeForce RTX 3060 8GB,8,1320,1867,200,70
PNY VERTO,259.99,GeForce RTX 3060 8GB,8,1320,1777,247,70
Asus DUAL,334.99,GeForce RTX 3060 8GB,8,1320,1807,200,70
MSI VENTUS XS OC,549.99,GeForce RTX 2060,6,1365,1710,205,71
EVGA XC GAMING,476.0,GeForce RTX 2060,12,1365,1680,268,71
Asus DUAL,698.97,GeForce RTX 2060,6,1365,1680,270,71
EVGA KO GAMING,475.0,GeForce RTX 2060,6,1365,1680,202,71
MSI GAMING,559.99,GeForce RTX 2060,6,1365,1680,247,71
Asus Phoenix Fan,288.54,GeForce RTX 2060,6,1365,1710,177,71
Palit StormX,1289.0,GeForce RTX 2060,6,1365,1680,168,71
MSI VENTUS OC,339.6,GeForce RTX 2060,6,1365,1710,226,71
Asus DUAL EVO,256.0,GeForce RTX 2060,6,1395,1710,242,71
Asus STRIX GAMING OC,325.0,GeForce RTX 2060,6,1365,1860,300,71
MSI GAMING Z,447.8,GeForce RTX 2060,6,1365,1830,247,71
EVGA SC GAMING,375.0,GeForce RTX 2060,6,1365,1710,190,71
Asus DUAL EVO OC,343.95,GeForce RTX 2060,6,1365,1785,242,71
EVGA KO ULTRA GAMING,324.2,GeForce RTX 2060,6,1365,1755,202,71
MSI GeForce RTX 2060 VENTUS GP OC,295.99,GeForce RTX 2060,6,1365,1710,231,71
Asus Turbo,499.0,GeForce RTX 2060,6,1365,1710,268,71
Gigabyte OC Rev 2.0,323.38,GeForce RTX 2060,6,1365,1755,226,71
Asus STRIX GAMING Advanced,675.0,GeForce RTX 2070,8,1410,1680,300,73
EVGA Black,347.26,GeForce RTX 2070,8,1410,1620,269,73
MSI DUKE,675.0,GeForce RTX 2070,8,1410,1755,314,73
EVGA XC GAMING,1020.52,GeForce RTX 2070,8,1410,1710,269,73
Asus STRIX GAMING OC,675.0,GeForce RTX 2070,8,1410,1845,305,73
MSI MSI RTX 2070 Ventus 8G Video Card,629.0,GeForce RTX 2070,8,1410,1620,226,73
ASRock Challenger OC,159.99,Arc A580,8,1700,2000,271,74
Sparkle ORC OC,179.99,Arc A580,8,1700,2000,222,74
Asus DUAL V2,229.99,Radeon RX 6600,8,1626,2491,243,77
Asus DUAL,279.0,Radeon RX 6600,8,1626,2491,243,77
MSI Radeon RX 6600 MECH 2X 8G,387.62,Radeon RX 6600,8,1626,2491,235,77
PowerColor Hellhound,349.99,Radeon RX 6600,8,1626,2491,220,77
XFX Speedster SWFT 210,209.99,Radeon RX 6600,8,1626,2491,241,77
PowerColor Fighter,199.99,Radeon RX 6600,8,1626,2491,200,77
Gigabyte EAGLE,189.99,Radeon RX 6600,8,1626,2491,282,77
Sapphire PULSE,209.99,Radeon RX 6600,8,1626,2491,193,77
ASRock Challenger,209.99,Radeon RX 6600,8,1626,2491,269,77
Gigabyte GAMING OC 3X,845.0,GeForce RTX 2070-S,8,1605,1815,286,79
MSI GeForce RTX 2070 SUPER VENTUS GP OC,679.0,GeForce RTX 2070-S,8,1605,1785,258,79
EVGA FTW3 ULTRA GAMING,1029.0,GeForce RTX 2070-S,8,1605,1815,302,79
NVIDIA Founders Edition,756.48,GeForce RTX 2070-S,8,1605,1770,267,79
MSI GAMING X,1025.78,GeForce RTX 2070-S,8,1605,1800,297,79
Asus STRIX GAMING OC,549.0,Radeon RX 5600 XT,6,1247,1770,304,81
MSI Radeon RX 5600 XT GAMING MX,399.99,Radeon RX 5600 XT,6,1280,1620,297,81
MSI MSI RTX 2070 Ventus 8G Video Card,629.0,GeForce RTX 2070,8,1410,1620,226,82
Asus STRIX GAMING Advanced,675.0,GeForce RTX 2070,8,1410,1680,300,82
EVGA XC GAMING,1020.52,GeForce RTX 2070,8,1410,1710,269,82
EVGA Black,347.26,GeForce RTX 2070,8,1410,1620,269,82
Asus STRIX GAMING OC,675.0,GeForce RTX 2070,8,1410,1845,305,82
MSI DUKE,675.0,GeForce RTX 2070,8,1410,1755,314,82
EVGA ACX 3.0,598.0,GeForce GTX 1080,8,1607,1733,267,83
MSI DUKE OC,598.0,GeForce GTX 1080,8,1708,1847,312,83
Asus Founders Edition,659.0,GeForce GTX 1080,8,1607,1733,267,83
PNY VCGGTX10808PB,667.58,GeForce GTX 1080,8,1607,1733,267,83
EVGA Founders Edition,598.0,GeForce GTX 1080,8,1607,1733,267,83
Asus Turbo,579.0,GeForce GTX 1080,8,1607,1733,267,83
EVGA FTW GAMING ACX 3.0,599.99,GeForce GTX 1080,8,1721,1860,267,83
MSI GAMING X,598.0,GeForce GTX 1080,8,1607,1847,279,83
Asus ROG STRIX,598.99,GeForce GTX 1080,8,1670,1835,298,83
EVGA SC2 Gaming iCX,598.0,GeForce GTX 1080,8,1708,1847,267,83
Zotac GAMING,479.99,GeForce GTX 1660 Ti,6,1500,1770,173,86
MSI VENTUS XS OC,269.69,GeForce GTX 1660 Ti,6,1500,1830,204,86
EVGA XC ULTRA GAMING,210.0,GeForce GTX 1660 Ti,6,1500,1860,268,86
Gigabyte OC,375.99,GeForce GTX 1660 Ti,6,1500,1800,226,86
MSI ARMOR OC,321.01,GeForce GTX 1660 Ti,6,1500,1860,243,86
EVGA SC ULTRA GAMING,549.99,GeForce GTX 1660 Ti,6,1500,1845,202,86
Asus TUF Gaming EVO OC,319.0,GeForce GTX 1660 Ti,6,1500,1845,206,86
EVGA XC ULTRA BLACK GAMING,429.99,GeForce GTX 1660 Ti,6,1500,1770,268,86
Asus STRIX GAMING Advanced,455.0,GeForce GTX 1660 Ti,6,1500,1830,301,86
MSI VENTUS 2X XS OC,219.99,GeForce RTX 3050 8GB,8,1550,1807,205,87
Inno3D N30602-08D6-11902130,387.49,GeForce RTX 3050 8GB,8,1320,1777,240,87
EVGA XC BLACK GAMING,449.0,GeForce RTX 3050 8GB,8,1550,1777,202,87
Gigabyte EAGLE,452.0,GeForce RTX 3050 8GB,8,1550,1777,213,87
PNY VERTO,322.45,GeForce RTX 3050 8GB,8,1550,1777,228,87
Asus DUAL OC,336.59,GeForce RTX 3050 8GB,8,1550,1852,200,87
EVGA XC GAMING,399.99,GeForce RTX 3050 8GB,8,1550,1845,202,87
PNY XLR8 Gaming REVEL EPIC-X RGB,338.92,GeForce RTX 3050 8GB,8,1552,1777,247,87
Zotac GAMING Twin Edge OC,399.99,GeForce RTX 3050 8GB,8,1550,1807,224,87
Asus TUF GAMING OC,237.62,GeForce RTX 3050 8GB,8,1550,1875,272,87
Asus Phoenix,281.39,GeForce RTX 3050 8GB,8,1550,1807,177,87
Gigabyte EAGLE OC,292.54,GeForce RTX 3050 8GB,8,1550,1792,213,87
Asus TUF GAMING OC,329.07,GeForce GTX 1660-S,6,1530,1845,206,90
MSI VENTUS XS OC,282.27,GeForce GTX 1660-S,6,1530,1815,204,90
MSI GAMING X,294.95,GeForce GTX 1660-S,6,1530,1830,247,90
Zotac GAMING AMP,229.99,GeForce GTX 1660-S,6,1530,1845,210,90
Zotac GAMING Twin Fan,371.97,GeForce GTX 1660-S,6,1530,1785,173,90
EVGA SC ULTRA GAMING,211.0,GeForce GTX 1660-S,6,1530,1830,202,90
Asus DUAL EVO OC,347.5,GeForce GTX 1660-S,6,1530,1860,242,90
Gigabyte GAMING OC,469.5,GeForce GTX 1660-S,6,1530,1860,280,90
MSI AERO ITX OC,379.99,GeForce GTX 1660-S,6,1530,1815,179,90
Asus Phoenix OC,243.0,GeForce GTX 1660-S,6,1530,1830,174,90
PNY Dual,723.99,GeForce GTX 1660-S,6,1530,1785,235,90
Asus DUAL EVO OC,343.95,GeForce RTX 2060,6,1365,1785,242,91
EVGA KO GAMING,475.0,GeForce RTX 2060,6,1365,1680,202,91
Asus STRIX GAMING OC,325.0,GeForce RTX 2060,6,1365,1860,300,91
MSI VENTUS OC,339.6,GeForce RTX 2060,6,1365,1710,226,91
EVGA XC GAMING,476.0,GeForce RTX 2060,12,1365,1680,268,91
MSI VENTUS XS OC,549.99,GeForce RTX 2060,6,1365,1710,205,91
Gigabyte OC Rev 2.0,323.38,GeForce RTX 2060,6,1365,1755,226,91
Asus Phoenix Fan,288.54,GeForce RTX 2060,6,1365,1710,177,91
MSI GAMING,559.99,GeForce RTX 2060,6,1365,1680,247,91
Palit StormX,1289.0,GeForce RTX 2060,6,1365,1680,168,91
MSI GAMING Z,447.8,GeForce RTX 2060,6,1365,1830,247,91
Asus DUAL,698.97,GeForce RTX 2060,6,1365,1680,270,91
MSI GeForce RTX 2060 VENTUS GP OC,295.99,GeForce RTX 2060,6,1365,1710,231,91
EVGA KO ULTRA GAMING,324.2,GeForce RTX 2060,6,1365,1755,202,91
EVGA SC GAMING,375.0,GeForce RTX 2060,6,1365,1710,190,91
Asus DUAL EVO,256.0,GeForce RTX 2060,6,1395,1710,242,91
Asus Turbo,499.0,GeForce RTX 2060,6,1365,1710,268,91
Zotac GAMING Twin Fan,227.0,GeForce GTX 1660,6,1530,1785,216,92
EVGA SC ULTRA GAMING,220.0,GeForce GTX 1660,6,1530,1830,202,92
Asus Phoenix OC,429.0,GeForce GTX 1660,6,1530,1830,174,92
Zotac GAMING,479.99,GeForce GTX 1660 Ti,6,1500,1770,173,93
Asus TUF Gaming EVO OC,319.0,GeForce GTX 1660 Ti,6,1500,1845,206,93
EVGA XC ULTRA BLACK GAMING,429.99,GeForce GTX 1660 Ti,6,1500,1770,268,93
MSI VENTUS XS OC,269.69,GeForce GTX 1660 Ti,6,1500,1830,204,93
MSI ARMOR OC,321.01,GeForce GTX 1660 Ti,6,1500,1860,243,93
EVGA XC ULTRA GAMING,210.0,GeForce GTX 1660 Ti,6,1500,1860,268,93
EVGA SC ULTRA GAMING,549.99,GeForce GTX 1660 Ti,6,1500,1845,202,93
Gigabyte OC,375.99,GeForce GTX 1660 Ti,6,1500,1800,226,93
Asus STRIX GAMING Advanced,455.0,GeForce GTX 1660 Ti,6,1500,1830,301,93
NVIDIA 9001G4112520001,229.99,GeForce GTX 1070,8,1506,1683,267,94
Asus ROG STRIX-GTX1070-O8G-GAMING,579.0,GeForce GTX 1070,8,1632,1860,298,94
MSI GAMING X,499.99,GeForce GTX 1070,8,1506,1797,279,94
EVGA SC GAMING ACX 3.0,585.0,GeForce GTX 1070,8,1594,1784,267,94
Asus TURBO-GTX1070-8G,579.0,GeForce GTX 1070,8,1506,1683,267,94
EVGA GAMING,585.0,GeForce GTX 1070,8,1506,1683,267,94
EVGA FTW2 GAMING iCX,579.0,GeForce GTX 1070,8,1607,1797,267,94
EVGA SC2 Gaming iCX,424.0,GeForce GTX 1070,8,1594,1784,267,94
Zotac GAMING Twin Fan,339.99,GeForce GTX 1650-S,4,1530,1725,158,96
Gigabyte WINDFORCE OC,294.99,GeForce GTX 1650-S,4,1530,1755,225,96
MSI GeForce GTX 1650 SUPER,427.0,GeForce GTX 1650-S,4,1530,1740,180,96
EVGA SC ULTRA GAMING,237.0,GeForce GTX 1650-S,4,1530,1755,202,96
Asus TUF GAMING OC,249.99,GeForce GTX 1650-S,4,1530,1800,206,96
MSI GeForce GTX 1650 SUPER,299.95,GeForce GTX 1650-S,4,1530,1755,248,96
Asus TUF GAMING,300.58,GeForce GTX 1650-S,4,1530,1755,206,96
EVGA SC ULTRA GAMING,549.99,GeForce GTX 1660 Ti,6,1500,1845,202,97
EVGA XC ULTRA GAMING,210.0,GeForce GTX 1660 Ti,6,1500,1860,268,97
Asus STRIX GAMING Advanced,455.0,GeForce GTX 1660 Ti,6,1500,1830,301,97
MSI ARMOR OC,321.01,GeForce GTX 1660 Ti,6,1500,1860,243,97
EVGA XC ULTRA BLACK GAMING,429.99,GeForce GTX 1660 Ti,6,1500,1770,268,97
Zotac GAMING,479.99,GeForce GTX 1660 Ti,6,1500,1770,173,97
Asus TUF Gaming EVO OC,319.0,GeForce GTX 1660 Ti,6,1500,1845,206,97
MSI VENTUS XS OC,269.69,GeForce GTX 1660 Ti,6,1500,1830,204,97
Gigabyte OC,375.99,GeForce GTX 1660 Ti,6,1500,1800,226,97
MSI LP OC,179.99,GeForce RTX 3050 6GB,6,1040,1492,174,99
Gigabyte OC Low Profile,176.0,GeForce RTX 3050 6GB,6,1040,1477,181,99
Zotac GAMING Low Profile,179.99,GeForce RTX 3050 6GB,6,1040,1470,151,99
Asus DUAL OC,179.99,GeForce RTX 3050 6GB,6,1040,1537,201,99
MSI VENTUS 2X OC,239.34,GeForce RTX 3050 6GB,6,1040,1492,189,99
Palit KalmX,249.64,GeForce RTX 3050 6GB,6,1040,1470,166,99
Gigabyte EAGLE OC,283.57,GeForce RTX 3050 6GB,6,1040,1500,192,99
MSI GAMING X,170.0,GeForce RTX 3050 6GB,6,1040,1507,205,99
ASRock Challenger D OC,139.0,Radeon RX 5500 XT,4,1685,1845,241,100
MSI Radeon RX 5500 XT MECH 8G OC,349.99,Radeon RX 5500 XT,8,1647,1845,215,100
ASRock Phantom Gaming D OC,139.99,Radeon RX 6500 XT,4,2365,2820,240,101
Gigabyte EAGLE,225.0,Radeon RX 6500 XT,4,2310,2815,192,101
MSI MECH 2X OC,174.99,Radeon RX 6500 XT,4,2310,2825,172,101
Sapphire PULSE,139.99,Radeon RX 6500 XT,4,2310,2825,194,101
Asus TUF GAMING OC,209.99,Radeon RX 6500 XT,4,2310,2825,250,101
Gigabyte GAMING OC,329.95,Radeon RX 6500 XT,4,2310,2825,282,101
Asus DUAL OC,189.04,Radeon RX 6500 XT,4,2310,2820,201,101
ASRock RX6500XT CLI 4G:,293.24,Radeon RX 6500 XT,4,2310,2815,179,101
MSI ARMOR OCV1,399.0,GeForce GTX 1060 6GB,6,1544,1759,275,103
MSI GAMING X,495.0,GeForce GTX 1060 6GB,6,1506,1809,277,103
EVGA SC GAMING,339.99,GeForce GTX 1060 6GB,6,1607,1835,173,103
Asus DUAL,512.43,GeForce GTX 1060 6GB,6,1594,1809,242,103
MSI ARMOR OC,399.0,GeForce GTX 1060 6GB,6,1506,1708,279,103
EVGA GAMING,399.0,GeForce GTX 1060 6GB,6,1506,1708,267,103
Asus Turbo,489.0,GeForce GTX 1060 6GB,6,1506,1708,267,103
MSI GAMING,555.0,GeForce GTX 1060 6GB,6,1506,1746,277,103
Asus Phoenix V2,164.99,GeForce GTX 1650 G6,4,1410,1620,174,104
MSI D6 VENTUS XS OCV3,163.99,GeForce GTX 1650 G6,4,1410,1620,179,104
Asus Phoenix OC,160.0,GeForce GTX 1650 G6,4,1410,1665,178,104
EVGA SC ULTRA GAMING,249.99,GeForce GTX 1650 G6,4,1410,1710,202,104
Asus Phoenix EVO,164.99,GeForce GTX 1650 G6,4,1410,1620,197,104
Asus DUAL MINI OC,251.98,GeForce GTX 1650 G6,4,1410,1650,200,104
MSI D6 GAMING X,225.94,GeForce GTX 1650 G6,4,1410,1710,245,104
MSI D6 VENTUS XS OC,229.95,GeForce GTX 1650 G6,4,1410,1620,178,104
Asus TUF GAMING OC P,219.99,GeForce GTX 1650 G6,4,1410,1785,206,104
Asus Phoenix OC,209.99,GeForce GTX 1650 G6,4,1410,1665,174,104
Zotac GAMING OC,379.99,GeForce GTX 1650 G6,4,1410,1620,151,104
PNY VCG16504D6DFPPB,189.99,GeForce GTX 1650 G6,4,1485,1590,170,104
Asus TUF GAMING OC,241.14,GeForce GTX 1650 G6,4,1410,1680,204,104
Gigabyte WINDFORCE OC,279.0,GeForce GTX 1650 G6,4,1410,1650,191,104
Zotac AMP Core,190.78,GeForce GTX 1650 G6,4,1410,1650,162,104
Gigabyte D6 OC Rev 2.0,189.71,GeForce GTX 1650 G6,4,1410,1635,172,104
MSI Ventus XS OCV1,209.0,GeForce GTX 1650 G6,4,1410,1620,179,104
Asus Phoenix OC V2,160.0,GeForce GTX 1650 G6,4,1410,1635,174,104
Sparkle ELF,99.99,Arc A380,6,2000,2000,153,106
Sparkle GENIE,129.99,Arc A380,6,2000,2000,145,106
Asus DUAL OC,229.91,GeForce GTX 1650 G5,4,1485,1755,204,107
MSI VENTUS XS OC,229.99,GeForce GTX 1650 G5,4,1485,1740,170,107
EVGA SC ULTRA GAMING,278.0,GeForce GTX 1650 G5,4,1485,1860,202,107
Gigabyte WINDFORCE OC,439.99,GeForce GTX 1650 G5,4,1485,1710,191,107
Asus Phoenix OC,241.26,GeForce GTX 1650 G5,4,1485,1710,190,107
Asus STRIX GAMING OC,500.97,GeForce GTX 1650 G5,4,1485,1860,242,107
MSI GAMING X,399.0,GeForce GTX 1650 G5,4,1485,1860,245,107
Zotac GAMING,134.99,GeForce GTX 1630,4,1740,1785,151,114
Asus TUF GAMING OC,215.68,GeForce GTX 1630,4,1740,1845,204,114
Asus Phoenix,284.74,GeForce GTX 1050 Ti,4,1290,1392,192,117
MSI GAMING X,251.27,GeForce GTX 1050 Ti,4,1290,1493,229,117
MSI GTX 1050 Ti 4GT OC,263.89,GeForce GTX 1050 Ti,4,1341,1455,215,117
EVGA SC GAMING ACX 2.0,499.99,GeForce GTX 1050 Ti,4,1354,1468,145,117
Gigabyte GV-N105TOC-4GD,408.99,GeForce GTX 1050 Ti,4,1341,1455,191,117
Gigabyte GV-N105TD5-4GD,299.99,GeForce GTX 1050 Ti,4,1290,1430,172,117
Asus STRIX,189.0,GeForce GTX 1050 Ti,4,1379,1506,241,117
PowerColor AXRX 560 4GBD5-DHA,345.0,Radeon RX 560,4,115,1176,225,118
