Nombre,Precio,Velocidad,Modulos,Latencia (ns),Tipo,Cantidad_total,Rank
G.Skill Trident Z5 RGB 48 GB,399.99,8400,"2,24",40.0,DDR5,48,1
TEAMGROUP T-Force Delta RGB 48 GB,279.99,8200,"2,24",38.0,DDR5,48,2
G.Skill Trident Z5 RGB 48 GB,279.99,8200,"2,24",40.0,DDR5,48,3
Patriot Viper Xtreme 5 48 GB,239.99,8200,"2,24",38.0,DDR5,48,4
Patriot Viper Xtreme 5 32 GB,174.99,8200,"2,16",38.0,DDR5,32,5
G.Skill Trident Z5 RGB 48 GB,249.99,8000,"2,24",40.0,DDR5,48,6
Patriot Viper Xtreme 5 RGB 48 GB,259.99,8000,"2,24",38.0,DDR5,48,7
G.Skill Trident Z5 RGB 48 GB,259.99,8000,"2,24",40.0,DDR5,48,8
GeIL EVO V RGB 32 GB,299.99,8000,"2,16",38.0,DDR5,32,9
G.Skill Trident Z5 RGB 32 GB,239.99,8000,"2,16",38.0,DDR5,32,10
GeIL EVO V RGB 32 GB,298.99,8000,"2,16",38.0,DDR5,32,11
OLOy Blade RGB 32 GB,223.99,8000,"2,16",36.0,DDR5,32,12
Patriot Viper Xtreme 5 RGB 32 GB,217.99,8000,"2,16",38.0,DDR5,32,13
TEAMGROUP T-Force Delta RGB 32 GB,191.79,8000,"2,16",38.0,DDR5,32,14
Patriot Viper Xtreme 5 RGB 32 GB,189.99,7800,"2,16",38.0,DDR5,32,15
TEAMGROUP T-Force Delta RGB 32 GB,179.99,7800,"2,16",38.0,DDR5,32,16
G.Skill Trident Z5 RGB 32 GB,189.99,7800,"2,16",36.0,DDR5,32,17
TEAMGROUP T-Force Delta RGB 32 GB,179.21,7800,"2,16",38.0,DDR5,32,18
OLOy Blade RGB 32 GB,174.99,7800,"2,16",36.0,DDR5,32,19
Corsair Vengeance RGB 48 GB,229.99,7600,"2,24",36.0,DDR5,48,20
G.Skill Trident Z5 RGB 48 GB,224.99,7600,"2,24",38.0,DDR5,48,21
G.Skill Trident Z5 RGB 48 GB,229.99,7600,"2,24",38.0,DDR5,48,22
Patriot Viper Xtreme 5 RGB 48 GB,229.99,7600,"2,24",36.0,DDR5,48,23
Patriot Viper Xtreme 5 48 GB,199.99,7600,"2,24",36.0,DDR5,48,24
G.Skill Trident Z5 RGB 32 GB,164.99,7600,"2,16",36.0,DDR5,32,25
Corsair Dominator Platinum RGB 32 GB,214.99,7600,"2,16",36.0,DDR5,32,26
TEAMGROUP T-Force Delta RGB 32 GB,159.99,7600,"2,16",36.0,DDR5,32,27
OLOy Blade RGB 32 GB,149.99,7600,"2,16",36.0,DDR5,32,28
Patriot Viper Xtreme 5 32 GB,137.99,7600,"2,16",36.0,DDR5,32,29
Patriot Viper Xtreme 5 RGB 32 GB,166.99,7600,"2,16",36.0,DDR5,32,30
Patriot Viper Venom 32 GB,129.99,7400,"2,16",36.0,DDR5,32,31
Patriot Viper Venom RGB 32 GB,154.99,7400,"2,16",40.0,DDR5,32,32
TEAMGROUP T-Force Delta RGB 48 GB,209.99,7200,"2,24",34.0,DDR5,48,33
Corsair Dominator Titanium First Edition 48 GB,289.99,7200,"2,24",36.0,DDR5,48,34
TEAMGROUP T-Create Expert 48 GB,189.99,7200,"2,24",34.0,DDR5,48,35
Corsair Dominator Titanium 48 GB,249.99,7200,"2,24",36.0,DDR5,48,36
TEAMGROUP T-Create Expert 48 GB,199.99,7200,"2,24",34.0,DDR5,48,37
G.Skill Trident Z5 RGB 48 GB,214.99,7200,"2,24",36.0,DDR5,48,38
G.Skill Trident Z5 RGB 48 GB,204.99,7200,"2,24",36.0,DDR5,48,39
Corsair Vengeance RGB 48 GB,209.99,7200,"2,24",36.0,DDR5,48,40
Corsair Dominator Titanium First Edition 32 GB,234.99,7200,"2,16",34.0,DDR5,32,41
G.Skill Trident Z5 RGB 32 GB,132.99,7200,"2,16",34.0,DDR5,32,42
Lexar Ares RGB 32 GB,144.79,7200,"2,16",34.0,DDR5,32,43
TEAMGROUP T-Create Expert 32 GB,129.99,7200,"2,16",34.0,DDR5,32,44
Corsair Dominator Titanium 32 GB,198.0,7200,"2,16",34.0,DDR5,32,45
Klevv CRAS XR5 RGB 32 GB,119.99,7200,"2,16",36.0,DDR5,32,46
Kingston FURY Renegade 32 GB,257.25,7200,"2,16",38.0,DDR5,32,47
Patriot Viper Venom RGB 32 GB,144.99,7200,"2,16",40.0,DDR5,32,48
ADATA XPG LANCER RGB 32 GB,162.99,7200,"2,16",34.0,DDR5,32,49
TEAMGROUP T-Force Delta RGB 32 GB,124.99,7200,"2,16",34.0,DDR5,32,50
Kingston Fury Renegade RGB 32 GB,224.99,7200,"2,16",38.0,DDR5,32,51
Corsair Dominator Platinum RGB 32 GB,194.99,7200,"2,16",34.0,DDR5,32,52
Corsair Vengeance 32 GB,159.99,7200,"2,16",34.0,DDR5,32,53
Kingston FURY Renegade 32 GB,245.76,7200,"2,16",38.0,DDR5,32,54
Patriot Viper Venom 32 GB,124.99,7200,"2,16",34.0,DDR5,32,55
Corsair Dominator Titanium 32 GB,199.99,7200,"2,16",34.0,DDR5,32,56
Corsair Vengeance RGB 32 GB,159.99,7200,"2,16",34.0,DDR5,32,57
Corsair Dominator Titanium 48 GB,239.99,7000,"2,24",36.0,DDR5,48,58
Corsair Vengeance RGB 48 GB,195.99,7000,"2,24",40.0,DDR5,48,59
Corsair Vengeance 48 GB,186.8,7000,"2,24",40.0,DDR5,48,60
Corsair Vengeance RGB 48 GB,199.99,7000,"2,24",36.0,DDR5,48,61
Patriot Viper Venom RGB 32 GB,139.99,7000,"2,16",40.0,DDR5,32,62
Corsair Vengeance 32 GB,142.99,7000,"2,16",40.0,DDR5,32,63
Corsair Dominator Titanium 32 GB,192.99,7000,"2,16",34.0,DDR5,32,64
Patriot Viper Venom 32 GB,119.99,7000,"2,16",32.0,DDR5,32,65
Corsair Vengeance RGB 32 GB,157.99,7000,"2,16",36.0,DDR5,32,66
Corsair Vengeance RGB 32 GB,129.99,7000,"2,16",36.0,DDR5,32,67
Patriot Viper Elite 5 RGB 32 GB,139.99,7000,"2,16",38.0,DDR5,32,68
TEAMGROUP T-Force Delta RGB 32 GB,124.99,7000,"2,16",34.0,DDR5,32,69
Corsair Vengeance 32 GB,159.99,7000,"2,16",34.0,DDR5,32,70
Corsair Vengeance RGB 32 GB,159.97,7000,"2,16",40.0,DDR5,32,71
Klevv CRAS XR5 RGB 32 GB,119.99,7000,"2,16",36.0,DDR5,32,72
Corsair Dominator Platinum RGB 32 GB,204.99,7000,"2,16",34.0,DDR5,32,73
Corsair Vengeance 64 GB,247.99,6800,"2,32",32.0,DDR5,64,74
G.Skill Trident Z5 RGB 64 GB,259.99,6800,"2,32",34.0,DDR5,64,75
Corsair Dominator Platinum RGB 64 GB,299.99,6800,"2,32",40.0,DDR5,64,76
G.Skill Ripjaws S5 64 GB,239.99,6800,"2,32",34.0,DDR5,64,77
G.Skill Ripjaws S5 48 GB,174.99,6800,"2,24",34.0,DDR5,48,78
TEAMGROUP T-Force Delta RGB 48 GB,359.99,6800,"2,24",36.0,DDR5,48,79
G.Skill Trident Z5 RGB 48 GB,184.99,6800,"2,24",34.0,DDR5,48,80
G.Skill Trident Z5 RGB 32 GB,124.99,6800,"2,16",34.0,DDR5,32,81
PROXMEM UNDERWORLD TUF 32 GB,99.99,6800,"2,16",34.0,DDR5,32,82
Mushkin Redline Lumina 32 GB,117.99,6800,"2,16",34.0,DDR5,32,83
Patriot Viper Venom RGB 32 GB,129.99,6800,"2,16",40.0,DDR5,32,84
Patriot Viper Venom 32 GB,118.99,6800,"2,16",34.0,DDR5,32,85
TEAMGROUP T-Force Delta RGB 32 GB,113.4,6800,"2,16",34.0,DDR5,32,86
Mushkin Redline ST 32 GB,105.98,6800,"2,16",34.0,DDR5,32,87
TEAMGROUP T-Force Delta RGB 32 GB,114.99,6800,"2,16",34.0,DDR5,32,88
Corsair Vengeance RGB 32 GB,149.99,6800,"2,16",40.0,DDR5,32,89
Kingston FURY Renegade 32 GB,184.99,6800,"2,16",36.0,DDR5,32,90
Mushkin Redline ST 32 GB,119.99,6800,"2,16",32.0,DDR5,32,91
G.Skill Ripjaws S5 32 GB,119.99,6800,"2,16",34.0,DDR5,32,92
Kingston Fury Renegade RGB 32 GB,239.99,6800,"2,16",36.0,DDR5,32,93
Kingston Fury Renegade RGB 32 GB,210.25,6800,"2,16",36.0,DDR5,32,94
Mushkin Redline Lumina White 32 GB,117.98,6800,"2,16",34.0,DDR5,32,95
Corsair Vengeance 32 GB,139.99,6800,"2,16",40.0,DDR5,32,96
ADATA XPG LANCER RGB 32 GB,152.99,6800,"2,16",34.0,DDR5,32,97
Corsair Dominator Titanium 64 GB,309.99,6600,"2,32",32.0,DDR5,64,98
Corsair Vengeance RGB 64 GB,309.99,6600,"4,16",32.0,DDR5,64,99
Corsair Dominator Titanium First Edition 64 GB,359.99,6600,"2,32",32.0,DDR5,64,100
Corsair Vengeance RGB 64 GB,240.98,6600,"2,32",32.0,DDR5,64,101
Corsair Vengeance 64 GB,242.99,6600,"2,32",32.0,DDR5,64,102
Corsair Dominator Platinum RGB 64 GB,294.99,6600,"2,32",32.0,DDR5,64,103
Corsair Vengeance 64 GB,279.99,6600,"4,16",32.0,DDR5,64,104
Corsair Dominator Platinum RGB 64 GB,349.99,6600,"4,16",32.0,DDR5,64,105
G.Skill Trident Z5 RGB 32 GB,119.99,6600,"2,16",34.0,DDR5,32,106
Patriot Viper Elite 5 RGB 32 GB,129.99,6600,"2,16",36.0,DDR5,32,107
G.Skill Trident Z5 RGB 32 GB,127.99,6600,"2,16",34.0,DDR5,32,108
Patriot Viper Venom RGB 32 GB,124.99,6600,"2,16",40.0,DDR5,32,109
Corsair Dominator Titanium 32 GB,179.99,6600,"2,16",32.0,DDR5,32,110
Corsair Vengeance 32 GB,109.99,6600,"2,16",38.0,DDR5,32,111
Patriot Viper Venom 32 GB,117.99,6600,"2,16",34.0,DDR5,32,112
Corsair Vengeance RGB 32 GB,149.99,6600,"2,16",32.0,DDR5,32,113
Corsair Vengeance 32 GB,137.99,6600,"2,16",32.0,DDR5,32,114
Corsair Dominator Titanium 32 GB,154.69,6600,"2,16",32.0,DDR5,32,115
TEAMGROUP T-Force Delta RGB 32 GB,110.99,6600,"2,16",34.0,DDR5,32,116
Corsair Vengeance RGB 32 GB,119.99,6600,"2,16",38.0,DDR5,32,117
G.Skill Ripjaws S5 32 GB,114.99,6600,"2,16",34.0,DDR5,32,118
Corsair Dominator Platinum RGB 32 GB,175.99,6600,"2,16",32.0,DDR5,32,119
G.Skill Trident Z5 RGB 32 GB,124.99,6600,"2,16",34.0,DDR5,32,120
G.Skill Zeta R5 128 GB,1049.99,6400,"8,16",32.0,DDR5,128,121
Corsair Vengeance RGB 64 GB,224.99,6400,"2,32",32.0,DDR5,64,122
Corsair Dominator Titanium 64 GB,339.99,6400,"4,16",32.0,DDR5,64,123
TEAMGROUP T-Create Expert 64 GB,194.99,6400,"2,32",34.0,DDR5,64,124
G.Skill Zeta R5 64 GB,509.99,6400,"4,16",32.0,DDR5,64,125
Mushkin Redline ST 64 GB,199.99,6400,"2,32",32.0,DDR5,64,126
Patriot Viper Venom 64 GB,207.99,6400,"2,32",32.0,DDR5,64,127
Mushkin Redline Lumina White 64 GB,200.98,6400,"2,32",32.0,DDR5,64,128
OLOy Blade RGB 64 GB,183.99,6400,"2,32",32.0,DDR5,64,129
G.Skill Ripjaws S5 64 GB,204.99,6400,"2,32",32.0,DDR5,64,130
G.Skill Trident Z5 RGB 64 GB,217.99,6400,"2,32",32.0,DDR5,64,131
Mushkin Redline Lumina 64 GB,189.99,6400,"2,32",32.0,DDR5,64,132
Corsair Dominator Titanium 64 GB,299.99,6400,"2,32",32.0,DDR5,64,133
ADATA XPG LANCER RGB 64 GB,249.99,6400,"2,32",32.0,DDR5,64,134
Corsair Vengeance 64 GB,214.51,6400,"2,32",32.0,DDR5,64,135
Mushkin Redline Lumina White 64 GB,209.99,6400,"2,32",30.0,DDR5,64,136
Corsair Dominator Platinum RGB 64 GB,289.99,6400,"2,32",32.0,DDR5,64,137
Corsair Dominator Platinum RGB 64 GB,359.99,6400,"4,16",32.0,DDR5,64,138
Mushkin Redline Lumina 64 GB,209.99,6400,"2,32",30.0,DDR5,64,139
Corsair Vengeance 64 GB,289.99,6400,"4,16",32.0,DDR5,64,140
Corsair Vengeance RGB 64 GB,294.99,6400,"4,16",32.0,DDR5,64,141
Mushkin Redline ST 64 GB,189.99,6400,"2,32",30.0,DDR5,64,142
ADATA XPG LANCER RGB 64 GB,388.49,6400,"2,32",32.0,DDR5,64,143
Corsair Vengeance 48 GB,187.99,6400,"2,24",36.0,DDR5,48,144
Corsair Vengeance RGB 48 GB,194.99,6400,"2,24",36.0,DDR5,48,145
G.Skill Trident Z5 Neo RGB 48 GB,172.99,6400,"2,24",32.0,DDR5,48,146
G.Skill Trident Z5 RGB 48 GB,162.99,6400,"2,24",36.0,DDR5,48,147
G.Skill Ripjaws S5 48 GB,169.99,6400,"2,24",32.0,DDR5,48,148
G.Skill Trident Z5 RGB 48 GB,184.99,6400,"2,24",32.0,DDR5,48,149
G.Skill Trident Z5 Neo RGB 48 GB,174.99,6400,"2,24",32.0,DDR5,48,150
G.Skill Ripjaws S5 48 GB,149.99,6400,"2,24",36.0,DDR5,48,151
Kingston Renegade Silver 32 GB,147.99,6400,"2,16",32.0,DDR5,32,152
G.Skill Trident Z5 RGB 32 GB,112.99,6400,"2,16",32.0,DDR5,32,153
TEAMGROUP T-Create Expert 32 GB,99.99,6400,"2,16",32.0,DDR5,32,154
ADATA XPG Lancer Blade RGB 32 GB,104.99,6400,"2,16",32.0,DDR5,32,155
TEAMGROUP T-Force Vulcan 32 GB,104.99,6400,"2,16",32.0,DDR5,32,156
Mushkin Redline Lumina White 32 GB,107.99,6400,"2,16",32.0,DDR5,32,157
ADATA XPG LANCER RGB 32 GB,104.99,6400,"2,16",32.0,DDR5,32,158
TEAMGROUP T-Force Delta RGB 32 GB,104.99,6400,"2,16",40.0,DDR5,32,159
Klevv BOLT V 32 GB,104.99,6400,"2,16",32.0,DDR5,32,160
Corsair Vengeance RGB 32 GB,129.99,6400,"2,16",36.0,DDR5,32,161
Corsair Dominator Titanium 32 GB,151.27,6400,"2,16",32.0,DDR5,32,162
Kingston FURY Renegade 32 GB,159.99,6400,"2,16",32.0,DDR5,32,163
G.Skill Ripjaws S5 32 GB,109.99,6400,"2,16",32.0,DDR5,32,164
Mushkin Redline Lumina 32 GB,117.99,6400,"2,16",30.0,DDR5,32,165
Corsair Vengeance 32 GB,119.99,6400,"2,16",32.0,DDR5,32,166
Corsair Vengeance RGB 32 GB,114.99,6400,"2,16",36.0,DDR5,32,167
Corsair Dominator Platinum RGB 32 GB,179.99,6400,"2,16",38.0,DDR5,32,168
Lexar Ares RGB 32 GB,124.79,6400,"2,16",32.0,DDR5,32,169
G.Skill Trident Z 32 GB,117.99,6400,"2,16",32.0,DDR5,32,170
Corsair Dominator Platinum RGB 32 GB,174.99,6400,"2,16",32.0,DDR5,32,171
TEAMGROUP T-Create Expert 32 GB,94.99,6400,"2,16",40.0,DDR5,32,172
Corsair Vengeance RGB 32 GB,124.99,6400,"2,16",32.0,DDR5,32,173
TEAMGROUP T-Force Vulcan 32 GB,99.99,6400,"2,16",40.0,DDR5,32,174
Patriot Viper Venom RGB 32 GB,121.99,6400,"2,16",40.0,DDR5,32,175
Mushkin Redline Lumina 32 GB,104.99,6400,"2,16",32.0,DDR5,32,176
Patriot Viper Venom 32 GB,109.99,6400,"2,16",32.0,DDR5,32,177
Corsair Vengeance 32 GB,134.99,6400,"2,16",32.0,DDR5,32,178
G.Skill Trident Z5 RGB 32 GB,124.99,6400,"2,16",32.0,DDR5,32,179
GeIL EVO V RGB 32 GB,136.99,6400,"2,16",38.0,DDR5,32,180
Corsair Dominator Titanium 32 GB,177.99,6400,"2,16",32.0,DDR5,32,181
GeIL EVO V RGB 32 GB,135.99,6400,"2,16",38.0,DDR5,32,182
OLOy Blade RGB 32 GB,99.99,6400,"2,16",36.0,DDR5,32,183
G.Skill Trident Z5 32 GB,117.99,6400,"2,16",32.0,DDR5,32,184
TEAMGROUP T-Force Delta RGB 32 GB,106.99,6400,"2,16",32.0,DDR5,32,185
G.Skill Trident Z 32 GB,118.99,6400,"2,16",32.0,DDR5,32,186
Mushkin Redline ST 32 GB,109.99,6400,"2,16",32.0,DDR5,32,187
GeIL Polaris RGB 32 GB,109.99,6400,"2,16",38.0,DDR5,32,188
Lexar Ares RGB 32 GB,209.99,6400,"2,16",32.0,DDR5,32,189
G.Skill Trident Z5 Neo RGB 32 GB,109.99,6400,"2,16",32.0,DDR5,32,190
PROXMEM UNDERWORLD TUF 32 GB,99.99,6400,"2,16",32.0,DDR5,32,191
Corsair Vengeance RGB 32 GB,149.99,6400,"2,16",32.0,DDR5,32,192
Kingston Fury Renegade RGB 32 GB,154.99,6400,"2,16",32.0,DDR5,32,193
Corsair Vengeance 32 GB,116.99,6400,"2,16",36.0,DDR5,32,194
ADATA XPG LANCER RGB 32 GB,166.85,6400,"2,16",32.0,DDR5,32,195
Corsair Vengeance RGB 32 GB,136.99,6400,"2,16",38.0,DDR5,32,196
G.Skill Trident Z5 Neo RGB 32 GB,124.99,6400,"2,16",32.0,DDR5,32,197
Corsair Vengeance RGB 64 GB,294.99,6200,"4,16",32.0,DDR5,64,198
Patriot Viper Elite 5 RGB 64 GB,199.99,6200,"2,32",42.0,DDR5,64,199
Corsair Vengeance 64 GB,259.99,6200,"4,16",32.0,DDR5,64,200
Corsair Dominator Platinum RGB 64 GB,319.99,6200,"4,16",32.0,DDR5,64,201
Corsair Vengeance 64 GB,239.99,6200,"2,32",32.0,DDR5,64,202
Corsair Vengeance RGB 64 GB,229.99,6200,"2,32",32.0,DDR5,64,203
Corsair Vengeance 32 GB,129.99,6200,"2,16",32.0,DDR5,32,204
Patriot Viper Venom RGB 32 GB,119.99,6200,"2,16",40.0,DDR5,32,205
Corsair Vengeance 32 GB,114.99,6200,"2,16",36.0,DDR5,32,206
Corsair Dominator Platinum RGB 32 GB,169.99,6200,"2,16",36.0,DDR5,32,207
TEAMGROUP T-Force Delta RGB 32 GB,105.99,6200,"2,16",38.0,DDR5,32,208
Corsair Vengeance RGB 32 GB,135.99,6200,"2,16",36.0,DDR5,32,209
Corsair Vengeance 32 GB,127.99,6200,"2,16",36.0,DDR5,32,210
Patriot Viper Venom 32 GB,108.99,6200,"2,16",40.0,DDR5,32,211
Corsair Vengeance RGB 32 GB,124.99,6200,"2,16",36.0,DDR5,32,212
Patriot Viper Elite 5 RGB 32 GB,99.99,6200,"2,16",42.0,DDR5,32,213
G.Skill Zeta R5 128 GB,1308.35,6000,"8,16",30.0,DDR5,128,214
Corsair Dominator Titanium 96 GB,459.99,6000,"4,24",30.0,DDR5,96,215
Corsair Vengeance RGB 96 GB,309.99,6000,"4,24",40.0,DDR5,96,216
Corsair Vengeance RGB 96 GB,379.99,6000,"4,24",30.0,DDR5,96,217
Corsair Vengeance 96 GB,359.99,6000,"4,24",30.0,DDR5,96,218
Corsair Vengeance 64 GB,214.99,6000,"2,32",30.0,DDR5,64,219
Corsair Vengeance RGB 64 GB,224.99,6000,"2,32",30.0,DDR5,64,220
G.Skill Trident Z5 RGB 64 GB,209.99,6000,"2,32",32.0,DDR5,64,221
Silicon Power XPOWER Zenith RGB Gaming 64 GB,204.99,6000,"2,32",30.0,DDR5,64,222
Corsair Vengeance RGB 64 GB,229.99,6000,"2,32",30.0,DDR5,64,223
Kingston FURY Beast RGB 64 GB,224.99,6000,"2,32",40.0,DDR5,64,224
G.Skill Trident Z5 64 GB,204.99,6000,"2,32",32.0,DDR5,64,225
Patriot Viper Venom 64 GB,199.99,6000,"2,32",36.0,DDR5,64,226
G.Skill Flare X5 64 GB,199.99,6000,"2,32",30.0,DDR5,64,227
Corsair Vengeance RGB 64 GB,279.99,6000,"4,16",36.0,DDR5,64,228
Kingston FURY Beast RGB 64 GB,227.99,6000,"2,32",36.0,DDR5,64,229
Mushkin Redline Lumina White 64 GB,189.99,6000,"2,32",36.0,DDR5,64,230
Corsair Dominator Titanium 64 GB,269.99,6000,"2,32",30.0,DDR5,64,231
G.Skill Trident Z5 64 GB,199.99,6000,"2,32",32.0,DDR5,64,232
G.Skill Trident Z5 Neo 64 GB,209.99,6000,"2,32",30.0,DDR5,64,233
G.Skill Trident Z5 RGB 64 GB,214.99,6000,"2,32",30.0,DDR5,64,234
TEAMGROUP T-Create Expert 64 GB,184.99,6000,"2,32",34.0,DDR5,64,235
Silicon Power XPOWER Zenith RGB Gaming 64 GB,199.99,6000,"2,32",30.0,DDR5,64,236
G.Skill Trident Z5 RGB 64 GB,209.99,6000,"2,32",30.0,DDR5,64,237
Corsair Vengeance 64 GB,259.99,6000,"4,16",36.0,DDR5,64,238
Corsair Vengeance RGB 64 GB,199.99,6000,"2,32",40.0,DDR5,64,239
G.Skill Trident Z5 Neo RGB 64 GB,209.99,6000,"2,32",30.0,DDR5,64,240
Silicon Power XPOWER Zenith Gaming 64 GB,189.99,6000,"2,32",30.0,DDR5,64,241
Corsair Vengeance RGB 64 GB,239.99,6000,"2,32",40.0,DDR5,64,242
TEAMGROUP T-Force Delta RGB 64 GB,184.99,6000,"2,32",38.0,DDR5,64,243
G.Skill Trident Z5 Neo RGB 64 GB,214.99,6000,"2,32",30.0,DDR5,64,244
Kingston FURY Beast 64 GB,217.99,6000,"2,32",36.0,DDR5,64,245
Corsair Vengeance 64 GB,224.99,6000,"2,32",40.0,DDR5,64,246
Corsair Vengeance 64 GB,222.31,6000,"2,32",40.0,DDR5,64,247
Corsair Dominator Platinum RGB 64 GB,264.99,6000,"2,32",30.0,DDR5,64,248
TEAMGROUP T-Force Vulcan 64 GB,179.99,6000,"2,32",38.0,DDR5,64,249
G.Skill Trident Z5 64 GB,333.49,6000,"2,32",30.0,DDR5,64,250
Corsair Vengeance RGB 64 GB,214.99,6000,"2,32",40.0,DDR5,64,251
Corsair Dominator Platinum RGB 64 GB,249.99,6000,"2,32",40.0,DDR5,64,252
Mushkin Redline Lumina White 64 GB,216.98,6000,"2,32",30.0,DDR5,64,253
G.Skill Ripjaws S5 64 GB,232.22,6000,"2,32",30.0,DDR5,64,254
Kingston FURY Renegade 64 GB,262.1,6000,"2,32",32.0,DDR5,64,255
G.Skill Ripjaws S5 64 GB,199.99,6000,"2,32",32.0,DDR5,64,256
G.Skill Trident Z5 Neo RGB 64 GB,209.99,6000,"2,32",32.0,DDR5,64,257
G.Skill Trident Z5 RGB 64 GB,204.99,6000,"2,32",36.0,DDR5,64,258
TEAMGROUP T-Force Delta RGB 64 GB,192.99,6000,"2,32",38.0,DDR5,64,259
G.Skill Trident Z5 64 GB,205.99,6000,"2,32",32.0,DDR5,64,260
G.Skill Ripjaws S5 64 GB,204.99,6000,"2,32",30.0,DDR5,64,261
Kingston FURY Renegade 64 GB,239.99,6000,"2,32",32.0,DDR5,64,262
Mushkin Redline ST 64 GB,184.99,6000,"2,32",30.0,DDR5,64,263
G.Skill Ripjaws S5 64 GB,194.99,6000,"2,32",36.0,DDR5,64,264
Mushkin Redline Lumina 64 GB,209.99,6000,"2,32",30.0,DDR5,64,265
Kingston FURY Beast 64 GB,217.99,6000,"2,32",40.0,DDR5,64,266
Corsair Vengeance 64 GB,220.51,6000,"2,32",40.0,DDR5,64,267
Corsair Dominator Titanium 64 GB,329.99,6000,"4,16",36.0,DDR5,64,268
Silicon Power XPOWER Zenith Gaming 64 GB,199.99,6000,"2,32",30.0,DDR5,64,269
Corsair Dominator Titanium First Edition 64 GB,324.99,6000,"2,32",30.0,DDR5,64,270
TEAMGROUP T-Create Classic 64 GB,174.99,6000,"2,32",48.0,DDR5,64,271
Corsair Vengeance 64 GB,229.99,6000,"2,32",30.0,DDR5,64,272
Corsair Vengeance RGB 48 GB,164.99,6000,"2,24",36.0,DDR5,48,273
G.Skill Trident Z5 Neo RGB 48 GB,164.99,6000,"2,24",40.0,DDR5,48,274
Crucial Pro 48 GB,160.94,6000,"2,24",48.0,DDR5,48,275
G.Skill Ripjaws S5 48 GB,154.99,6000,"2,24",40.0,DDR5,48,276
Patriot Viper Elite 5 RGB 48 GB,164.99,6000,"2,24",42.0,DDR5,48,277
Corsair Vengeance RGB 48 GB,160.0,6000,"2,24",36.0,DDR5,48,278
Corsair Dominator Titanium 48 GB,229.99,6000,"2,24",30.0,DDR5,48,279
G.Skill Flare X5 48 GB,154.99,6000,"2,24",40.0,DDR5,48,280
G.Skill Trident Z5 RGB 48 GB,164.99,6000,"2,24",40.0,DDR5,48,281
Corsair Vengeance RGB 48 GB,177.94,6000,"2,24",36.0,DDR5,48,282
Corsair Vengeance RGB 48 GB,192.99,6000,"2,24",30.0,DDR5,48,283
G.Skill Trident Z5 Neo RGB 32 GB,112.99,6000,"2,16",30.0,DDR5,32,284
Corsair Vengeance 32 GB,114.99,6000,"2,16",30.0,DDR5,32,285
G.Skill Flare X5 32 GB,106.99,6000,"2,16",36.0,DDR5,32,286
TEAMGROUP T-Force Delta RGB 32 GB,106.99,6000,"2,16",30.0,DDR5,32,287
G.Skill Trident Z5 Neo 32 GB,112.99,6000,"2,16",36.0,DDR5,32,288
Corsair Vengeance RGB 32 GB,134.99,6000,"2,16",40.0,DDR5,32,289
G.Skill Flare X5 32 GB,106.99,6000,"2,16",30.0,DDR5,32,290
G.Skill Ripjaws S5 32 GB,109.43,6000,"2,16",30.0,DDR5,32,291
TEAMGROUP T-Force Vulcan 32 GB,99.99,6000,"2,16",38.0,DDR5,32,292
Corsair Vengeance RGB 32 GB,127.99,6000,"2,16",36.0,DDR5,32,293
TEAMGROUP T-Create Expert 32 GB,102.99,6000,"2,16",30.0,DDR5,32,294
Corsair Vengeance RGB 32 GB,109.99,6000,"2,16",36.0,DDR5,32,295
Corsair Dominator Platinum RGB 32 GB,157.99,6000,"2,16",36.0,DDR5,32,296
G.Skill Trident Z5 RGB 32 GB,117.99,6000,"2,16",36.0,DDR5,32,297
G.Skill Ripjaws S5 32 GB,104.49,6000,"2,16",36.0,DDR5,32,298
Silicon Power Value Gaming 32 GB,97.97,6000,"2,16",30.0,DDR5,32,299
Corsair Vengeance RGB 32 GB,134.99,6000,"2,16",36.0,DDR5,32,300
G.Skill Trident Z 32 GB,754.94,6000,"2,16",40.0,DDR5,32,301
TEAMGROUP T-Create Classic 32 GB,87.99,6000,"2,16",48.0,DDR5,32,302
Kingston FURY Beast RGB 32 GB,127.99,6000,"2,16",36.0,DDR5,32,303
PROXMEM UNDERWORLD TUF 32 GB,99.99,6000,"2,16",30.0,DDR5,32,304
G.Skill Flare X5 32 GB,96.9,6000,"2,16",32.0,DDR5,32,305
G.Skill Ripjaws S5 32 GB,158.99,6000,"2,16",32.0,DDR5,32,306
Corsair Vengeance RGB 32 GB,114.99,6000,"2,16",36.0,DDR5,32,307
TEAMGROUP T-Force DELTAα RGB 32 GB,105.99,6000,"2,16",38.0,DDR5,32,308
Corsair Vengeance 32 GB,104.99,6000,"2,16",36.0,DDR5,32,309
G.Skill Trident Z5 Neo 32 GB,115.99,6000,"2,16",32.0,DDR5,32,310
G.Skill Trident Z5 RGB 32 GB,119.99,6000,"2,16",32.0,DDR5,32,311
G.Skill Trident Z 32 GB,960.42,6000,"2,16",40.0,DDR5,32,312
Corsair Dominator Titanium 32 GB,172.99,6000,"2,16",30.0,DDR5,32,313
ADATA XPG Lancer Blade 32 GB,92.99,6000,"2,16",30.0,DDR5,32,314
G.Skill Trident Z5 Neo RGB 32 GB,124.99,6000,"2,16",30.0,DDR5,32,315
Crucial Pro Overclocking 32 GB,92.99,6000,"2,16",36.0,DDR5,32,316
Lexar THOR OC 32 GB,110.39,6000,"2,16",32.0,DDR5,32,317
Silicon Power XPOWER Zenith Gaming 32 GB,102.99,6000,"2,16",30.0,DDR5,32,318
Corsair Dominator Platinum RGB 32 GB,159.99,6000,"2,16",36.0,DDR5,32,319
G.Skill Trident Z5 RGB 32 GB,147.66,6000,"2,16",30.0,DDR5,32,320
Mushkin Redline Lumina 32 GB,109.99,6000,"2,16",30.0,DDR5,32,321
Corsair Vengeance 32 GB,102.99,6000,"2,16",36.0,DDR5,32,322
V-Color XSky RGB 32 GB,109.99,6000,"2,16",36.0,DDR5,32,323
Corsair Vengeance RGB 32 GB,124.99,6000,"2,16",36.0,DDR5,32,324
Corsair Dominator Platinum RGB 32 GB,164.99,6000,"2,16",30.0,DDR5,32,325
Kingston FURY Beast RGB 32 GB,141.19,6000,"2,16",40.0,DDR5,32,326
Kingston FURY 32 GB,146.3,6000,"2,16",40.0,DDR5,32,327
G.Skill Trident Z5 RGB 32 GB,135.21,6000,"2,16",40.0,DDR5,32,328
G.Skill Trident Z 32 GB,116.99,6000,"2,16",30.0,DDR5,32,329
G.Skill Ripjaws S5 32 GB,105.99,6000,"2,16",32.0,DDR5,32,330
Patriot Viper Venom 32 GB,105.99,6000,"2,16",36.0,DDR5,32,331
ADATA XPG Lancer Blade RGB 32 GB,109.99,6000,"2,16",30.0,DDR5,32,332
G.Skill Ripjaws S5 32 GB,107.99,6000,"2,16",32.0,DDR5,32,333
Silicon Power XPOWER Zenith RGB Gaming 32 GB,112.99,6000,"2,16",30.0,DDR5,32,334
Corsair Dominator Platinum RGB 32 GB,169.99,6000,"2,16",36.0,DDR5,32,335
Corsair Vengeance 32 GB,114.99,6000,"2,16",36.0,DDR5,32,336
TEAMGROUP T-Force Delta RGB 32 GB,105.99,6000,"2,16",38.0,DDR5,32,337
TEAMGROUP T-Force Vulcan 32 GB,102.99,6000,"2,16",30.0,DDR5,32,338
G.Skill Trident Z 32 GB,118.99,6000,"2,16",36.0,DDR5,32,339
Kingston FURY Beast 32 GB,119.99,6000,"2,16",36.0,DDR5,32,340
Silicon Power XPOWER Zenith Gaming 32 GB,100.99,6000,"2,16",30.0,DDR5,32,341
Corsair Vengeance RGB 32 GB,124.99,6000,"2,16",30.0,DDR5,32,342
Gigabyte AORUS RGB 32 GB,121.99,6000,"2,16",40.0,DDR5,32,343
ADATA XPG LANCER RGB 32 GB,199.0,6000,"2,16",40.0,DDR5,32,344
TEAMGROUP T-Force DELTAα RGB 32 GB,99.99,6000,"2,16",38.0,DDR5,32,345
G.Skill Trident Z5 32 GB,112.99,6000,"2,16",36.0,DDR5,32,346
Klevv BOLT V 32 GB,99.99,6000,"2,16",30.0,DDR5,32,347
Corsair Vengeance 32 GB,119.99,6000,"2,16",30.0,DDR5,32,348
G.Skill Trident Z5 32 GB,116.99,6000,"2,16",30.0,DDR5,32,349
Corsair Vengeance RGB 32 GB,119.99,6000,"2,16",30.0,DDR5,32,350
Kingston Fury Renegade RGB 32 GB,139.99,6000,"2,16",32.0,DDR5,32,351
TEAMGROUP T-Force Vulcan alpha 32 GB,128.62,6000,"2,16",38.0,DDR5,32,352
TEAMGROUP T-Force Vulcan alpha 32 GB,106.64,6000,"2,16",38.0,DDR5,32,353
OLOy Blade RGB 32 GB,93.99,6000,"2,16",36.0,DDR5,32,354
G.Skill Ripjaws S5 32 GB,106.99,6000,"2,16",30.0,DDR5,32,355
Kingston FURY Renegade 32 GB,143.98,6000,"2,16",32.0,DDR5,32,356
Mushkin Redline ST 32 GB,97.99,6000,"2,16",30.0,DDR5,32,357
Kingston Renegade Silver 32 GB,119.99,6000,"2,16",32.0,DDR5,32,358
G.Skill Trident Z 32 GB,111.99,6000,"2,16",36.0,DDR5,32,359
Corsair Vengeance 32 GB,125.94,6000,"2,16",36.0,DDR5,32,360
Corsair Vengeance 32 GB,92.56,6000,"2,16",36.0,DDR5,32,361
G.Skill Trident Z5 RGB 32 GB,112.99,6000,"2,16",30.0,DDR5,32,362
Mushkin Redline Lumina White 32 GB,109.99,6000,"2,16",36.0,DDR5,32,363
Corsair Vengeance 32 GB,129.99,6000,"2,16",36.0,DDR5,32,364
Corsair Vengeance 32 GB,124.99,6000,"2,16",40.0,DDR5,32,365
G.Skill Trident Z 32 GB,114.99,6000,"2,16",30.0,DDR5,32,366
G.Skill Trident Z5 Neo RGB 32 GB,117.99,6000,"2,16",32.0,DDR5,32,367
G.Skill Trident Z5 Neo RGB 32 GB,117.99,6000,"2,16",36.0,DDR5,32,368
Mushkin Redline Lumina White 32 GB,104.99,6000,"2,16",30.0,DDR5,32,369
Kingston FURY Beast 32 GB,125.45,6000,"2,16",40.0,DDR5,32,370
Corsair Vengeance 32 GB,123.99,6000,"2,16",36.0,DDR5,32,371
G.Skill Trident Z5 32 GB,135.21,6000,"2,16",40.0,DDR5,32,372
Corsair Vengeance RGB 32 GB,135.99,6000,"2,16",30.0,DDR5,32,373
G.Skill Trident Z5 RGB 32 GB,112.99,6000,"2,16",32.0,DDR5,32,374
G.Skill Trident Z5 RGB 32 GB,115.99,6000,"2,16",32.0,DDR5,32,375
ADATA XPG Lancer Blade 32 GB,112.99,6000,"2,16",30.0,DDR5,32,376
Silicon Power XPOWER Zenith Gaming 32 GB,94.97,6000,"2,16",30.0,DDR5,32,377
TEAMGROUP T-Create Expert 32 GB,94.99,6000,"2,16",38.0,DDR5,32,378
G.Skill Ripjaws S5 32 GB,109.99,6000,"2,16",30.0,DDR5,32,379
Corsair Dominator Platinum RGB 32 GB,174.99,6000,"2,16",30.0,DDR5,32,380
G.Skill Trident Z5 Neo 32 GB,116.99,6000,"2,16",30.0,DDR5,32,381
ADATA XPG Lancer Blade RGB 32 GB,115.99,6000,"2,16",30.0,DDR5,32,382
Patriot Viper Venom RGB 32 GB,114.99,6000,"2,16",36.0,DDR5,32,383
Thermaltake TOUGHRAM XG RGB D5 32 GB,174.98,6000,"2,16",36.0,DDR5,32,384
ADATA XPG CASTER RGB 32 GB,203.99,6000,"2,16",40.0,DDR5,32,385
Kingston FURY Beast RGB 16 GB,92.99,6000,"2,8",36.0,DDR5,16,386
Kingston FURY Beast 16 GB,71.99,6000,"2,8",40.0,DDR5,16,387
Kingston FURY Beast 16 GB,75.99,6000,"2,8",36.0,DDR5,16,388
Kingston FURY Beast RGB 16 GB,81.99,6000,"2,8",40.0,DDR5,16,389
Kingston FURY 128 GB,468.43,5600,"4,32",40.0,DDR5,128,390
Corsair Vengeance 128 GB,429.99,5600,"4,32",40.0,DDR5,128,391
Kingston FURY Beast 128 GB,479.0,5600,"4,32",40.0,DDR5,128,392
Corsair Vengeance RGB 128 GB,439.99,5600,"4,32",40.0,DDR5,128,393
Corsair Vengeance 96 GB,319.99,5600,"4,24",40.0,DDR5,96,394
Patriot Viper Venom RGB 64 GB,209.99,5600,"2,32",40.0,DDR5,64,395
Crucial CT2K32G56C46S5 64 GB,209.99,5600,"2,32",46.0,DDR5,64,396
Corsair Dominator Platinum RGB 64 GB,224.99,5600,"2,32",40.0,DDR5,64,397
G.Skill Ripjaws S5 64 GB,189.99,5600,"2,32",28.0,DDR5,64,398
G.Skill Trident Z5 RGB 64 GB,204.99,5600,"2,32",30.0,DDR5,64,399
TEAMGROUP T-Force Delta RGB 64 GB,196.99,5600,"2,32",36.0,DDR5,64,400
Mushkin Enhanced Redline 64 GB,167.99,5600,"2,32",36.0,DDR5,64,401
G.Skill Ripjaws S5 64 GB,189.99,5600,"2,32",30.0,DDR5,64,402
Corsair Dominator Platinum RGB 64 GB,289.99,5600,"4,16",36.0,DDR5,64,403
Corsair Vengeance RGB 64 GB,194.99,5600,"2,32",36.0,DDR5,64,404
Corsair Vengeance RGB 64 GB,249.99,5600,"4,16",36.0,DDR5,64,405
TEAMGROUP T-Create Classic 64 GB,164.99,5600,"2,32",46.0,DDR5,64,406
Corsair Vengeance 64 GB,188.99,5600,"2,32",40.0,DDR5,64,407
Crucial Pro 64 GB,169.99,5600,"2,32",46.0,DDR5,64,408
Silicon Power XPOWER Zenith Gaming 64 GB,159.99,5600,"2,32",40.0,DDR5,64,409
G.Skill Ripjaws S5 64 GB,194.99,5600,"2,32",36.0,DDR5,64,410
Silicon Power SP064GBSVU560F22 64 GB,197.99,5600,"2,32",46.0,DDR5,64,411
Kingston FURY Beast RGB 64 GB,229.99,5600,"2,32",36.0,DDR5,64,412
G.Skill Flare X5 64 GB,189.99,5600,"2,32",36.0,DDR5,64,413
G.Skill Trident Z5 RGB 64 GB,209.99,5600,"2,32",28.0,DDR5,64,414
G.Skill Ripjaws S5 64 GB,184.99,5600,"2,32",36.0,DDR5,64,415
Kingston FURY Beast 64 GB,221.35,5600,"2,32",40.0,DDR5,64,416
Corsair Vengeance 64 GB,239.99,5600,"4,16",36.0,DDR5,64,417
Silicon Power SP064GBLVU560FD2AD 64 GB,159.99,5600,"2,32",46.0,DDR5,64,418
Corsair Vengeance 64 GB,187.99,5600,"2,32",40.0,DDR5,64,419
Kingston ValueRAM 64 GB,224.55,5600,"2,32",46.0,DDR5,64,420
Corsair Vengeance RGB 64 GB,214.99,5600,"2,32",36.0,DDR5,64,421
Kingston FURY Impact 64 GB,218.2,5600,"2,32",40.0,DDR5,64,422
Corsair Vengeance RGB 64 GB,209.99,5600,"2,32",40.0,DDR5,64,423
Patriot Viper Venom 64 GB,172.99,5600,"2,32",36.0,DDR5,64,424
Corsair Dominator Platinum RGB 64 GB,314.99,5600,"4,16",36.0,DDR5,64,425
Kingston FURY Beast RGB 64 GB,219.99,5600,"2,32",40.0,DDR5,64,426
Corsair Vengeance RGB 64 GB,214.99,5600,"2,32",40.0,DDR5,64,427
G.Skill F5-5600J2834F32GX2-TZ5RK 64 GB,204.99,5600,"2,32",28.0,DDR5,64,428
Corsair Vengeance 64 GB,206.83,5600,"2,32",36.0,DDR5,64,429
G.Skill Trident Z5 RGB 64 GB,198.99,5600,"2,32",36.0,DDR5,64,430
Kingston FURY 64 GB,237.02,5600,"2,32",40.0,DDR5,64,431
G.Skill Ripjaws S5 64 GB,187.99,5600,"2,32",30.0,DDR5,64,432
G.Skill Ripjaws 64 GB,204.99,5600,"2,32",40.0,DDR5,64,433
Kingston FURY 64 GB,293.32,5600,"2,32",40.0,DDR5,64,434
Mushkin Enhanced Redline 64 GB,179.99,5600,"2,32",28.0,DDR5,64,435
Corsair Vengeance 64 GB,204.99,5600,"2,32",40.0,DDR5,64,436
Kingston FURY 64 GB,297.27,5600,"4,16",40.0,DDR5,64,437
Kingston FURY Beast 64 GB,233.4,5600,"2,32",36.0,DDR5,64,438
Crucial Classic 64 GB,224.52,5600,"2,32",46.0,DDR5,64,439
G.Skill Trident Z5 RGB 64 GB,204.99,5600,"2,32",36.0,DDR5,64,440
Kingston FURY 64 GB,330.04,5600,"4,16",40.0,DDR5,64,441
Crucial CT2K24G56C46S5 48 GB,148.99,5600,"2,24",46.0,DDR5,48,442
G.Skill Trident Z5 RGB 48 GB,149.99,5600,"2,24",40.0,DDR5,48,443
G.Skill Trident Z5 Neo RGB 48 GB,164.99,5600,"2,24",40.0,DDR5,48,444
Crucial Pro 48 GB,141.99,5600,"2,24",46.0,DDR5,48,445
G.Skill Flare X5 48 GB,247.89,5600,"2,24",40.0,DDR5,48,446
G.Skill Ripjaws S5 48 GB,139.99,5600,"2,24",40.0,DDR5,48,447
Corsair Vengeance 48 GB,154.99,5600,"2,24",40.0,DDR5,48,448
Corsair Vengeance RGB 48 GB,159.99,5600,"2,24",40.0,DDR5,48,449
G.Skill Trident Z5 32 GB,126.49,5600,"2,16",40.0,DDR5,32,450
G.Skill Trident Z5 Neo 32 GB,114.99,5600,"2,16",28.0,DDR5,32,451
TEAMGROUP T-Force Vulcan alpha 32 GB,89.99,5600,"2,16",40.0,DDR5,32,452
TEAMGROUP T-Force Vulcan 32 GB,94.99,5600,"2,16",36.0,DDR5,32,453
TEAMGROUP T-Force Delta RGB 32 GB,99.99,5600,"2,16",36.0,DDR5,32,454
G.Skill Ripjaws S5 32 GB,105.99,5600,"2,16",28.0,DDR5,32,455
Corsair Dominator Platinum RGB 32 GB,149.99,5600,"2,16",36.0,DDR5,32,456
GeIL Polaris 32 GB,99.99,5600,"2,16",46.0,DDR5,32,457
G.Skill Flare X5 32 GB,104.99,5600,"2,16",30.0,DDR5,32,458
Mushkin Redline 32 GB,92.99,5600,"2,16",46.0,DDR5,32,459
G.Skill Trident Z 32 GB,110.99,5600,"2,16",36.0,DDR5,32,460
TEAMGROUP T-Force Vulcan 32 GB,92.99,5600,"2,16",32.0,DDR5,32,461
TEAMGROUP T-Force Delta RGB 32 GB,110.99,5600,"2,16",34.0,DDR5,32,462
Crucial CT2K16G56C46U5 32 GB,94.4,5600,"2,16",46.0,DDR5,32,463
G.Skill Trident Z5 RGB 32 GB,115.99,5600,"2,16",30.0,DDR5,32,464
G.Skill Trident Z5 RGB 32 GB,116.99,5600,"2,16",28.0,DDR5,32,465
G.Skill Trident Z5 Neo 32 GB,109.99,5600,"2,16",30.0,DDR5,32,466
G.Skill Trident Z5 32 GB,107.99,5600,"2,16",36.0,DDR5,32,467
PROXMEM SPEAR 32 GB,93.99,5600,"2,16",36.0,DDR5,32,468
G.Skill Ripjaws S5 32 GB,104.99,5600,"2,16",30.0,DDR5,32,469
TEAMGROUP Elite 32 GB,80.98,5600,"2,16",46.0,DDR5,32,470
G.Skill Ripjaws S5 32 GB,107.99,5600,"2,16",28.0,DDR5,32,471
Crucial Pro 32 GB,104.99,5600,"2,16",46.0,DDR5,32,472
TEAMGROUP T-Create Classic 32 GB,83.99,5600,"2,16",46.0,DDR5,32,473
Silicon Power SP032GBLVU560FD2AD 32 GB,79.99,5600,"2,16",46.0,DDR5,32,474
Corsair Vengeance RGB 32 GB,109.99,5600,"2,16",40.0,DDR5,32,475
Corsair Vengeance 32 GB,107.99,5600,"2,16",40.0,DDR5,32,476
Lexar Ares RGB 32 GB,97.99,5600,"2,16",32.0,DDR5,32,477
Silicon Power SP032GBSVU560F22 32 GB,89.99,5600,"2,16",46.0,DDR5,32,478
Kingston FURY Beast 32 GB,114.99,5600,"2,16",36.0,DDR5,32,479
G.Skill Trident Z5 RGB 32 GB,124.31,5600,"2,16",40.0,DDR5,32,480
Mushkin Redline 32 GB,199.99,5600,"2,16",46.0,DDR5,32,481
Corsair Vengeance 32 GB,99.99,5600,"2,16",40.0,DDR5,32,482
G.Skill Trident Z5 RGB 32 GB,379.99,5600,"2,16",36.0,DDR5,32,483
G.Skill Trident Z5 Neo RGB 32 GB,115.99,5600,"2,16",28.0,DDR5,32,484
Corsair Vengeance 32 GB,114.99,5600,"2,16",36.0,DDR5,32,485
TEAMGROUP T-Force Delta RGB 32 GB,99.99,5600,"2,16",32.0,DDR5,32,486
Corsair Vengeance RGB 32 GB,112.99,5600,"2,16",40.0,DDR5,32,487
Kingston FURY Beast RGB 32 GB,132.15,5600,"2,16",36.0,DDR5,32,488
G.Skill Trident Z5 RGB 32 GB,656.36,5600,"2,16",36.0,DDR5,32,489
G.Skill Ripjaws 32 GB,119.99,5600,"2,16",40.0,DDR5,32,490
G.Skill Ripjaws S5 32 GB,103.99,5600,"2,16",36.0,DDR5,32,491
G.Skill Trident Z5 RGB 32 GB,117.99,5600,"2,16",30.0,DDR5,32,492
G.Skill Trident Z5 RGB 32 GB,109.99,5600,"2,16",30.0,DDR5,32,493
G.Skill Trident Z5 RGB 32 GB,113.99,5600,"2,16",36.0,DDR5,32,494
Patriot Viper Venom RGB 32 GB,99.99,5600,"2,16",36.0,DDR5,32,495
Patriot Viper Venom 32 GB,104.99,5600,"2,16",36.0,DDR5,32,496
Corsair Vengeance 32 GB,124.99,5600,"2,16",36.0,DDR5,32,497
Kingston FURY Beast 32 GB,122.99,5600,"2,16",40.0,DDR5,32,498
G.Skill Flare X5 32 GB,104.99,5600,"2,16",36.0,DDR5,32,499
TEAMGROUP T-Force Delta RGB Valkyrie Edition 32 GB,99.99,5600,"2,16",40.0,DDR5,32,500
Kingston FURY Impact 32 GB,114.99,5600,"2,16",40.0,DDR5,32,501
G.Skill Trident Z5 RGB 32 GB,127.59,5600,"2,16",36.0,DDR5,32,502
Corsair Dominator Platinum RGB 32 GB,164.99,5600,"2,16",36.0,DDR5,32,503
Corsair Vengeance RGB 32 GB,129.99,5600,"2,16",36.0,DDR5,32,504
G.Skill Trident Z 32 GB,108.99,5600,"2,16",36.0,DDR5,32,505
G.Skill Trident Z5 Neo RGB 32 GB,115.99,5600,"2,16",30.0,DDR5,32,506
Corsair Vengeance 32 GB,117.99,5600,"2,16",36.0,DDR5,32,507
G.Skill Ripjaws S5 32 GB,106.99,5600,"2,16",30.0,DDR5,32,508
G.Skill Trident Z5 RGB 32 GB,129.76,5600,"2,16",40.0,DDR5,32,509
G.Skill Trident Z5 RGB 32 GB,117.99,5600,"2,16",28.0,DDR5,32,510
PNY XLR8 Gaming MAKO 32 GB,199.99,5600,"2,16",36.0,DDR5,32,511
Corsair Dominator Platinum RGB 32 GB,159.99,5600,"2,16",36.0,DDR5,32,512
Corsair Vengeance RGB 32 GB,213.12,5600,"2,16",36.0,DDR5,32,513
Kingston FURY 32 GB,138.51,5600,"2,16",40.0,DDR5,32,514
Kingston FURY Beast RGB 32 GB,136.94,5600,"2,16",40.0,DDR5,32,515
G.Skill Trident Z5 RGB 32 GB,182.49,5600,"2,16",30.0,DDR5,32,516
Crucial CT2K16G56C46S5 32 GB,98.99,5600,"2,16",46.0,DDR5,32,517
Kingston FURY Beast RGB 16 GB,89.08,5600,"2,8",36.0,DDR5,16,518
VisionTek OCPC PISTA RGB 16 GB,179.99,5600,"2,8",36.0,DDR5,16,519
Kingston FURY Beast 16 GB,83.13,5600,"2,8",36.0,DDR5,16,520
Crucial CT2K8G56C46S5 16 GB,55.99,5600,"2,8",46.0,DDR5,16,521
Crucial Classic 16 GB,55.99,5600,"2,8",46.0,DDR5,16,522
Patriot Viper Venom 16 GB,69.98,5600,"2,8",40.0,DDR5,16,523
Kingston FURY Beast 16 GB,78.56,5600,"2,8",40.0,DDR5,16,524
Kingston FURY Beast RGB 16 GB,87.49,5600,"2,8",40.0,DDR5,16,525
Kingston FURY Beast RGB 128 GB,447.29,5200,"4,32",40.0,DDR5,128,526
Kingston FURY 128 GB,486.34,5200,"4,32",40.0,DDR5,128,527
G.Skill Ripjaws S5 64 GB,186.99,5200,"2,32",36.0,DDR5,64,528
Corsair Vengeance RGB 64 GB,187.99,5200,"2,32",40.0,DDR5,64,529
Kingston FURY Beast RGB 64 GB,209.99,5200,"2,32",40.0,DDR5,64,530
Corsair Dominator Platinum RGB 64 GB,277.48,5200,"2,32",40.0,DDR5,64,531
G.Skill Flare X5 64 GB,179.99,5200,"2,32",36.0,DDR5,64,532
Corsair Vengeance 64 GB,169.99,5200,"2,32",40.0,DDR5,64,533
G.Skill Ripjaws S5 64 GB,185.98,5200,"2,32",36.0,DDR5,64,534
Corsair Vengeance 64 GB,184.99,5200,"2,32",40.0,DDR5,64,535
Kingston FURY 64 GB,288.01,5200,"4,16",40.0,DDR5,64,536
Corsair Dominator Platinum RGB 64 GB,219.99,5200,"2,32",40.0,DDR5,64,537
TEAMGROUP T-Force Delta RGB 64 GB,184.99,5200,"2,32",40.0,DDR5,64,538
Crucial CT2K32G52C42S5 64 GB,214.32,5200,"2,32",42.0,DDR5,64,539
Patriot Viper Venom RGB 64 GB,194.99,5200,"2,32",40.0,DDR5,64,540
TEAMGROUP T-Force Vulcan 64 GB,267.99,5200,"2,32",40.0,DDR5,64,541
Patriot Viper Venom 64 GB,167.99,5200,"2,32",40.0,DDR5,64,542
G.Skill Ripjaws S5 64 GB,184.99,5200,"2,32",36.0,DDR5,64,543
Crucial CT2K32G52C42U5 64 GB,192.99,5200,"2,32",42.0,DDR5,64,544
TEAMGROUP T-Force Vulcan 64 GB,242.74,5200,"2,32",40.0,DDR5,64,545
Corsair Vengeance 64 GB,172.55,5200,"2,32",40.0,DDR5,64,546
Corsair Dominator Platinum RGB 64 GB,239.99,5200,"2,32",40.0,DDR5,64,547
Kingston FURY Beast 64 GB,192.99,5200,"2,32",40.0,DDR5,64,548
TEAMGROUP Elite 64 GB,170.99,5200,"2,32",42.0,DDR5,64,549
Kingston FURY 64 GB,239.23,5200,"2,32",40.0,DDR5,64,550
Corsair Vengeance 48 GB,149.99,5200,"2,24",38.0,DDR5,48,551
Corsair Vengeance RGB 48 GB,159.99,5200,"2,24",38.0,DDR5,48,552
TEAMGROUP T-Force Delta RGB 32 GB,104.99,5200,"2,16",40.0,DDR5,32,553
Corsair Dominator Platinum RGB 32 GB,139.99,5200,"2,16",40.0,DDR5,32,554
ADATA XPG LANCER RGB 32 GB,184.99,5200,"2,16",38.0,DDR5,32,555
TEAMGROUP T-Create Classic 32 GB,94.99,5200,"2,16",42.0,DDR5,32,556
Lexar Ares OC 32 GB,107.33,5200,"2,16",38.0,DDR5,32,557
Corsair Vengeance 32 GB,109.99,5200,"2,16",40.0,DDR5,32,558
Kingston FURY Beast RGB 32 GB,132.55,5200,"2,16",36.0,DDR5,32,559
Kingston FURY Beast RGB 32 GB,133.8,5200,"2,16",40.0,DDR5,32,560
Kingston FURY Beast 32 GB,124.99,5200,"2,16",36.0,DDR5,32,561
Corsair Vengeance 32 GB,102.99,5200,"2,16",40.0,DDR5,32,562
G.Skill Flare X5 32 GB,101.99,5200,"2,16",36.0,DDR5,32,563
Kingston FURY 32 GB,133.55,5200,"2,16",40.0,DDR5,32,564
G.Skill Ripjaws S5 32 GB,101.99,5200,"2,16",36.0,DDR5,32,565
Kingston FURY Beast 32 GB,117.2,5200,"2,16",40.0,DDR5,32,566
ADATA XPG LANCER RGB 32 GB,164.0,5200,"2,16",38.0,DDR5,32,567
Corsair Vengeance RGB 32 GB,109.99,5200,"2,16",40.0,DDR5,32,568
TEAMGROUP T-Force Vulcan 32 GB,87.99,5200,"2,16",40.0,DDR5,32,569
TEAMGROUP Elite 32 GB,85.99,5200,"2,16",42.0,DDR5,32,570
G.Skill Trident Z5 RGB 32 GB,113.99,5200,"2,16",36.0,DDR5,32,571
VisionTek OCPC PISTA RGB 32 GB,319.99,5200,"2,16",36.0,DDR5,32,572
TEAMGROUP Elite 32 GB,80.99,5200,"2,16",42.0,DDR5,32,573
Crucial CT2K16G52C42S5 32 GB,105.98,5200,"2,16",42.0,DDR5,32,574
ADATA XPG LANCER 32 GB,99.99,5200,"2,16",38.0,DDR5,32,575
Crucial CT2K16G52C42U5 32 GB,102.5,5200,"2,16",42.0,DDR5,32,576
Corsair Vengeance 16 GB,68.98,5200,"2,8",40.0,DDR5,16,577
TEAMGROUP T-Force Vulcan 16 GB,67.99,5200,"2,8",40.0,DDR5,16,578
Patriot Viper Venom 16 GB,67.98,5200,"2,8",36.0,DDR5,16,579
Kingston FURY Beast RGB 16 GB,83.99,5200,"2,8",40.0,DDR5,16,580
Crucial CT2K8G52C42S5 16 GB,55.99,5200,"2,8",42.0,DDR5,16,581
TEAMGROUP Elite 16 GB,54.99,5200,"2,8",42.0,DDR5,16,582
VisionTek OCPC PISTA RGB 16 GB,149.99,5200,"2,8",36.0,DDR5,16,583
Kingston FURY Beast RGB 16 GB,85.49,5200,"2,8",36.0,DDR5,16,584
Crucial Classic 16 GB,55.99,5200,"2,8",42.0,DDR5,16,585
Kingston FURY Beast 16 GB,70.98,5200,"2,8",40.0,DDR5,16,586
Kingston FURY Beast 16 GB,76.99,5200,"2,8",36.0,DDR5,16,587
Kingston FURY Renegade 16 GB,111.05,5133,"2,8",20.0,DDR4,16,588
Crucial Ballistix MAX 16 GB,995.0,5100,"2,8",19.0,DDR4,16,589
Kingston FURY Renegade 16 GB,220.0,5000,"2,8",19.0,DDR4,16,590
TEAMGROUP Elite Plus 64 GB,147.99,4800,"2,32",40.0,DDR5,64,591
Kingston FURY Beast 64 GB,197.99,4800,"2,32",38.0,DDR5,64,592
Silicon Power SU064GBSVU480F22AB 64 GB,139.49,4800,"2,32",40.0,DDR5,64,593
Crucial CT2K32G48C40U5 64 GB,175.88,4800,"2,32",40.0,DDR5,64,594
Kingston FURY Beast RGB 64 GB,204.99,4800,"2,32",38.0,DDR5,64,595
TEAMGROUP Elite 64 GB,160.99,4800,"2,32",40.0,DDR5,64,596
Corsair Vengeance 64 GB,169.99,4800,"2,32",40.0,DDR5,64,597
Crucial CT2K32G48C40S5 64 GB,174.99,4800,"2,32",40.0,DDR5,64,598
Kingston ValueRAM 64 GB,206.94,4800,"2,32",40.0,DDR5,64,599
Kingston FURY Impact 64 GB,195.99,4800,"2,32",38.0,DDR5,64,600
Silicon Power SP032GBSVU480F22 32 GB,79.97,4800,"2,16",40.0,DDR5,32,601
Kingston FURY Beast RGB 32 GB,133.71,4800,"2,16",38.0,DDR5,32,602
Corsair Vengeance 32 GB,92.99,4800,"2,16",40.0,DDR5,32,603
Corsair Vengeance 32 GB,97.99,4800,"2,16",40.0,DDR5,32,604
Crucial CT2K16G48C40S5 32 GB,85.63,4800,"2,16",40.0,DDR5,32,605
Kingston ValueRAM 32 GB,117.95,4800,"2,16",40.0,DDR5,32,606
Kingston FURY Beast 32 GB,114.99,4800,"2,16",38.0,DDR5,32,607
TEAMGROUP Elite 32 GB,75.98,4800,"2,16",40.0,DDR5,32,608
ADATA AD5U480016G-DT 32 GB,136.0,4800,"2,16",40.0,DDR5,32,609
Patriot Signature Line 32 GB,95.99,4800,"2,16",40.0,DDR5,32,610
G.Skill Ripjaws 32 GB,99.99,4800,"2,16",34.0,DDR5,32,611
Crucial CT2K16G48C40U5 32 GB,86.92,4800,"2,16",40.0,DDR5,32,612
G.Skill Ripjaws 32 GB,89.99,4800,"2,16",40.0,DDR5,32,613
Kingston FURY Impact 32 GB,109.99,4800,"2,16",38.0,DDR5,32,614
TEAMGROUP Elite 32 GB,82.99,4800,"2,16",40.0,DDR5,32,615
G.Skill Ripjaws 32 GB,94.99,4800,"2,16",38.0,DDR5,32,616
G.Skill Trident Z Royal Elite 32 GB,261.19,4800,"2,16",20.0,DDR4,32,617
G.Skill TridentZ RGB 32 GB,418.0,4800,"2,16",20.0,DDR4,32,618
TEAMGROUP Elite 16 GB,49.99,4800,"2,8",40.0,DDR5,16,619
Crucial CT2K8G48C40U5 16 GB,52.99,4800,"2,8",40.0,DDR5,16,620
Patriot Signature Line 16 GB,58.99,4800,"2,8",40.0,DDR5,16,621
Corsair Vengeance 16 GB,69.98,4800,"2,8",40.0,DDR5,16,622
TEAMGROUP Elite Plus 16 GB,55.99,4800,"2,8",40.0,DDR5,16,623
Kingston FURY Impact 16 GB,69.99,4800,"2,8",38.0,DDR5,16,624
Kingston FURY Beast RGB 16 GB,85.6,4800,"2,8",38.0,DDR5,16,625
Crucial CT2K8G48C40S5 16 GB,51.55,4800,"2,8",40.0,DDR5,16,626
Kingston FURY Beast 16 GB,73.79,4800,"2,8",38.0,DDR5,16,627
Kingston ValueRAM 16 GB,69.98,4800,"2,8",40.0,DDR5,16,628
G.Skill Trident Z Royal Elite 16 GB,264.58,4800,"2,8",20.0,DDR4,16,629
G.Skill Ripjaws V 16 GB,3914.75,4800,"2,8",17.0,DDR4,16,630
Kingston FURY Renegade 16 GB,329.98,4800,"2,8",19.0,DDR4,16,631
Kingston FURY Renegade 32 GB,304.41,4600,"2,16",19.0,DDR4,32,632
Corsair Vengeance RGB RT 32 GB,139.99,4600,"2,16",18.0,DDR4,32,633
G.Skill TridentZ RGB 32 GB,149.99,4600,"2,16",19.0,DDR4,32,634
G.Skill Ripjaws V 32 GB,139.99,4600,"2,16",19.0,DDR4,32,635
Thermaltake TOUGHRAM XG RGB 16 GB,185.04,4600,"2,8",19.0,DDR4,16,636
G.Skill Trident Z RGB 16 GB,169.99,4600,"2,8",18.0,DDR4,16,637
Thermaltake TOUGHRAM XG RGB 16 GB,219.99,4600,"2,8",19.0,DDR4,16,638
G.Skill Trident Z Royal 16 GB,205.07,4600,"2,8",18.0,DDR4,16,639
Corsair Vengeance 64 GB,179.99,4400,"2,32",36.0,DDR5,64,640
G.Skill Ripjaws V 64 GB,209.99,4400,"2,32",19.0,DDR4,64,641
G.Skill Ripjaws V 32 GB,82.99,4400,"2,16",19.0,DDR4,32,642
G.Skill TridentZ RGB 32 GB,222.41,4400,"2,16",17.0,DDR4,32,643
G.Skill Trident Z RGB 32 GB,99.99,4400,"2,16",19.0,DDR4,32,644
Thermaltake TOUGHRAM 16 GB,178.33,4400,"2,8",19.0,DDR4,16,645
Thermaltake TOUGHRAM XG RGB 16 GB,157.34,4400,"2,8",19.0,DDR4,16,646
G.Skill Trident Z RGB 16 GB,139.57,4400,"2,8",18.0,DDR4,16,647
G.Skill Ripjaws V 16 GB,115.59,4400,"2,8",16.0,DDR4,16,648
Thermaltake TOUGHRAM RGB 16 GB,163.22,4400,"2,8",19.0,DDR4,16,649
Thermaltake TOUGHRAM 16 GB,151.99,4400,"2,8",19.0,DDR4,16,650
Thermaltake TOUGHRAM RGB 16 GB,173.07,4400,"2,8",19.0,DDR4,16,651
G.Skill Trident Z RGB 16 GB,173.98,4400,"2,8",16.0,DDR4,16,652
Thermaltake TOUGHRAM XG RGB 16 GB,149.38,4400,"2,8",19.0,DDR4,16,653
G.Skill Trident Z Royal 16 GB,163.21,4400,"2,8",18.0,DDR4,16,654
G.Skill Ripjaws V 16 GB,74.99,4400,"2,8",18.0,DDR4,16,655
G.Skill Trident Z Royal 16 GB,344.0,4400,"2,8",18.0,DDR4,16,656
G.Skill Trident Z 16 GB,119.95,4400,"2,8",19.0,DDR4,16,657
Patriot Viper 4 Blackout 16 GB,141.5,4400,"2,8",18.0,DDR4,16,658
G.Skill Ripjaws V 16 GB,116.68,4400,"2,8",17.0,DDR4,16,659
Corsair Vengeance RGB Pro 32 GB,828.0,4266,"4,8",19.0,DDR4,32,660
G.Skill Trident Z Royal 32 GB,245.3,4266,"2,16",17.0,DDR4,32,661
G.Skill Trident Z Royal 32 GB,258.04,4266,"2,16",16.0,DDR4,32,662
G.Skill Trident Z Royal 16 GB,145.77,4266,"2,8",19.0,DDR4,16,663
Kingston Fury Renegade RGB 16 GB,92.9,4266,"2,8",19.0,DDR4,16,664
G.Skill Trident Z RGB 16 GB,118.86,4266,"2,8",19.0,DDR4,16,665
G.Skill Trident Z Royal 16 GB,169.0,4266,"2,8",19.0,DDR4,16,666
G.Skill F4-4133C19Q-32GTZSWF 32 GB,635.09,4133,"4,8",19.0,DDR4,32,667
Corsair Vengeance LPX 32 GB,859.99,4133,"2,16",19.0,DDR4,32,668
Mushkin Redline Lumina 32 GB,159.79,4133,"2,16",19.0,DDR4,32,669
Mushkin Redline 32 GB,147.99,4133,"2,16",19.0,DDR4,32,670
Mushkin Redline Lumina 32 GB,84.99,4133,"2,16",19.0,DDR4,32,671
Mushkin Enhanced Redline Stiletto 16 GB,54.99,4133,"2,8",19.0,DDR4,16,672
Mushkin Redline Lumina 16 GB,67.01,4133,"2,8",19.0,DDR4,16,673
Mushkin Redline Lumina 16 GB,93.99,4133,"2,8",19.0,DDR4,16,674
Mushkin Redline 16 GB,82.99,4133,"2,8",19.0,DDR4,16,675
G.Skill Trident Z RGB 16 GB,166.82,4133,"2,8",17.0,DDR4,16,676
G.Skill Trident Z Royal 128 GB,459.26,4000,"4,32",18.0,DDR4,128,677
G.Skill Ripjaws V 128 GB,534.7,4000,"4,32",18.0,DDR4,128,678
G.Skill Trident Z Royal 64 GB,230.04,4000,"2,32",18.0,DDR4,64,679
Corsair Vengeance LPX 64 GB,219.99,4000,"4,16",18.0,DDR4,64,680
G.Skill Trident Z RGB 64 GB,422.04,4000,"8,8",18.0,DDR4,64,681
G.Skill Ripjaws V 64 GB,169.99,4000,"2,32",18.0,DDR4,64,682
G.Skill Trident Z RGB 64 GB,179.99,4000,"2,32",18.0,DDR4,64,683
G.Skill Ripjaws V 64 GB,467.73,4000,"8,8",15.0,DDR4,64,684
G.Skill Trident Z Royal Elite 64 GB,219.99,4000,"2,32",18.0,DDR4,64,685
Thermaltake TOUGHRAM XG RGB 64 GB,357.49,4000,"2,32",19.0,DDR4,64,686
G.Skill F4-4000C15Q-32GTRS 64 GB,703.14,4000,"8,8",15.0,DDR4,64,687
G.Skill Trident Z Neo 32 GB,89.99,4000,"2,16",18.0,DDR4,32,688
G.Skill Trident Z RGB 32 GB,204.97,4000,"2,16",19.0,DDR4,32,689
Corsair Vengeance LPX 32 GB,104.99,4000,"2,16",18.0,DDR4,32,690
Thermaltake TOUGHRAM XG RGB 32 GB,201.49,4000,"2,16",19.0,DDR4,32,691
G.Skill Trident Z RGB 32 GB,254.77,4000,"4,8",15.0,DDR4,32,692
G.Skill Ripjaws V 32 GB,107.96,4000,"4,8",18.0,DDR4,32,693
G.Skill Trident Z RGB 32 GB,399.0,4000,"4,8",17.0,DDR4,32,694
G.Skill Ripjaws V 32 GB,184.15,4000,"2,16",16.0,DDR4,32,695
Corsair Vengeance RGB Pro 32 GB,349.99,4000,"4,8",19.0,DDR4,32,696
G.Skill Trident Z Neo 32 GB,212.6,4000,"2,16",16.0,DDR4,32,697
Mushkin Redline 32 GB,140.99,4000,"2,16",18.0,DDR4,32,698
G.Skill Trident Z Royal 32 GB,104.99,4000,"2,16",18.0,DDR4,32,699
Corsair Vengeance RGB Pro SL 32 GB,124.99,4000,"2,16",18.0,DDR4,32,700
G.Skill Trident Z RGB 32 GB,84.99,4000,"2,16",18.0,DDR4,32,701
Corsair Vengeance LPX 32 GB,159.99,4000,"4,8",19.0,DDR4,32,702
Corsair Dominator Platinum RGB 32 GB,144.99,4000,"2,16",19.0,DDR4,32,703
TEAMGROUP T-Force Delta RGB 32 GB,84.99,4000,"2,16",18.0,DDR4,32,704
Corsair Vengeance RGB Pro 32 GB,316.76,4000,"2,16",18.0,DDR4,32,705
G.Skill Trident Z Royal Elite 32 GB,249.66,4000,"2,16",16.0,DDR4,32,706
Patriot Viper Elite II 32 GB,77.98,4000,"2,16",20.0,DDR4,32,707
G.Skill Trident Z Royal 32 GB,1112.32,4000,"4,8",18.0,DDR4,32,708
Corsair Vengeance RGB RT 32 GB,124.99,4000,"2,16",18.0,DDR4,32,709
G.Skill Ripjaws V 32 GB,178.81,4000,"4,8",17.0,DDR4,32,710
G.Skill Trident Z Royal 32 GB,279.08,4000,"4,8",17.0,DDR4,32,711
G.Skill F4-4000C18Q-32GTZ 32 GB,200.27,4000,"4,8",18.0,DDR4,32,712
Corsair Dominator Platinum RGB 32 GB,318.39,4000,"2,16",16.0,DDR4,32,713
G.Skill Trident Z Royal 32 GB,223.16,4000,"2,16",19.0,DDR4,32,714
G.Skill Ripjaws V 32 GB,169.99,4000,"2,16",16.0,DDR4,32,715
Mushkin Redline Lumina 32 GB,79.98,4000,"2,16",18.0,DDR4,32,716
G.Skill Trident Z RGB 32 GB,174.99,4000,"2,16",16.0,DDR4,32,717
G.Skill Ripjaws V 32 GB,189.99,4000,"4,8",15.0,DDR4,32,718
TEAMGROUP T-Force Xtreem ARGB 32 GB,140.88,4000,"2,16",18.0,DDR4,32,719
Corsair Dominator Platinum RGB 32 GB,149.99,4000,"2,16",18.0,DDR4,32,720
Corsair Vengeance RGB Pro 32 GB,229.99,4000,"2,16",18.0,DDR4,32,721
G.Skill Trident Z Royal 32 GB,449.0,4000,"4,8",17.0,DDR4,32,722
G.Skill Ripjaws V 32 GB,71.99,4000,"2,16",18.0,DDR4,32,723
Thermaltake TOUGHRAM XG RGB 32 GB,260.39,4000,"2,16",19.0,DDR4,32,724
G.Skill Trident Z Royal 32 GB,316.89,4000,"4,8",15.0,DDR4,32,725
G.Skill Ripjaws V 32 GB,182.08,4000,"2,16",17.0,DDR4,32,726
G.Skill Trident Z Royal 32 GB,228.61,4000,"2,16",17.0,DDR4,32,727
Mushkin Redline 32 GB,157.29,4000,"2,16",18.0,DDR4,32,728
G.Skill TridentZ RGB 32 GB,208.24,4000,"2,16",16.0,DDR4,32,729
Corsair Vengeance RGB Pro SL 16 GB,99.99,4000,"2,8",18.0,DDR4,16,730
G.Skill TridentZ RGB 16 GB,189.0,4000,"2,8",17.0,DDR4,16,731
Corsair Dominator Platinum RGB 16 GB,114.99,4000,"2,8",18.0,DDR4,16,732
Patriot Viper Elite II 16 GB,41.99,4000,"2,8",20.0,DDR4,16,733
G.Skill Trident Z RGB 16 GB,64.98,4000,"2,8",18.0,DDR4,16,734
Patriot Viper Venom RGB 16 GB,215.84,4000,"2,8",19.0,DDR4,16,735
Thermaltake TOUGHRAM 16 GB,130.88,4000,"2,8",19.0,DDR4,16,736
G.Skill Trident Z RGB 16 GB,99.99,4000,"2,8",16.0,DDR4,16,737
Corsair Dominator Platinum RGB 16 GB,109.99,4000,"2,8",19.0,DDR4,16,738
Mushkin Redline Lumina 16 GB,66.59,4000,"2,8",18.0,DDR4,16,739
G.Skill Trident Z Neo 16 GB,166.29,4000,"2,8",16.0,DDR4,16,740
Mushkin Enhanced Redline Stiletto 16 GB,52.99,4000,"2,8",18.0,DDR4,16,741
G.Skill Ripjaws V 16 GB,104.69,4000,"2,8",15.0,DDR4,16,742
G.Skill Trident Z 16 GB,1581.67,4000,"2,8",18.0,DDR4,16,743
Kingston Fury Renegade RGB 16 GB,86.78,4000,"2,8",19.0,DDR4,16,744
G.Skill Ripjaws V 16 GB,89.99,4000,"2,8",16.0,DDR4,16,745
Corsair Vengeance RGB Pro 16 GB,186.25,4000,"2,8",16.0,DDR4,16,746
G.Skill Ripjaws V 16 GB,49.99,4000,"2,8",18.0,DDR4,16,747
Corsair Vengeance LPX 16 GB,137.05,4000,"2,8",16.0,DDR4,16,748
Mushkin Redline 16 GB,61.68,4000,"2,8",18.0,DDR4,16,749
Corsair Dominator Platinum RGB 16 GB,208.71,4000,"2,8",16.0,DDR4,16,750
TEAMGROUP T-Force Xtreem ARGB 16 GB,85.0,4000,"2,8",18.0,DDR4,16,751
Corsair Vengeance LPX 16 GB,84.99,4000,"2,8",18.0,DDR4,16,752
G.Skill Trident Z RGB 16 GB,119.95,4000,"2,8",15.0,DDR4,16,753
G.Skill Trident Z Neo 16 GB,316.06,4000,"2,8",16.0,DDR4,16,754
Patriot Viper Steel 16 GB,116.26,4000,"2,8",16.0,DDR4,16,755
G.Skill Trident Z Royal 16 GB,139.22,4000,"2,8",17.0,DDR4,16,756
Thermaltake TOUGHRAM XG RGB 16 GB,179.99,4000,"2,8",19.0,DDR4,16,757
Corsair Vengeance LPX 16 GB,79.98,4000,"2,8",19.0,DDR4,16,758
G.Skill Trident Z 16 GB,129.0,4000,"2,8",18.0,DDR4,16,759
Thermaltake TOUGHRAM RC 16 GB,155.99,4000,"2,8",19.0,DDR4,16,760
Corsair Vengeance RGB Pro 16 GB,99.99,4000,"2,8",18.0,DDR4,16,761
Crucial Ballistix MAX RGB 16 GB,299.0,4000,"2,8",18.0,DDR4,16,762
Mushkin Redline Lumina 16 GB,68.9,4000,"2,8",18.0,DDR4,16,763
Thermaltake TOUGHRAM XG RGB 16 GB,169.99,4000,"2,8",19.0,DDR4,16,764
Corsair Vengeance RGB RT 16 GB,93.99,4000,"2,8",18.0,DDR4,16,765
G.Skill Trident Z Royal 16 GB,134.99,4000,"2,8",15.0,DDR4,16,766
G.Skill Trident Z Royal 16 GB,100.64,4000,"2,8",18.0,DDR4,16,767
PNY XLR8 Gaming EPIC-X RGB 16 GB,69.98,4000,"2,8",18.0,DDR4,16,768
Lexar Ares RGB 16 GB,81.68,4000,"2,8",18.0,DDR4,16,769
G.Skill Ripjaws V 16 GB,84.99,4000,"2,8",16.0,DDR4,16,770
Thermaltake TOUGHRAM 16 GB,105.59,4000,"2,8",19.0,DDR4,16,771
G.Skill Trident Z 16 GB,656.48,4000,"2,8",19.0,DDR4,16,772
Lexar Ares RGB 16 GB,92.13,3866,"2,8",18.0,DDR4,16,773
G.Skill Trident Z 16 GB,189.0,3866,"2,8",18.0,DDR4,16,774
G.Skill Trident Z Neo 16 GB,799.99,3800,"2,8",14.0,DDR4,16,775
Kingston FURY Beast 32 GB,108.31,3733,"2,16",19.0,DDR4,32,776
G.Skill Trident Z RGB 32 GB,299.0,3733,"2,16",17.0,DDR4,32,777
Patriot Viper Steel 16 GB,49.99,3733,"2,8",17.0,DDR4,16,778
Gigabyte AORUS RGB 16 GB,61.99,3733,"2,8",18.0,DDR4,16,779
Kingston FURY Beast 16 GB,62.0,3733,"2,8",19.0,DDR4,16,780
Corsair Vengeance RGB RT 256 GB,1533.51,3600,"8,32",18.0,DDR4,256,781
Corsair Vengeance LPX 256 GB,689.99,3600,"8,32",18.0,DDR4,256,782
G.Skill Trident Z Royal 256 GB,669.99,3600,"8,32",18.0,DDR4,256,783
G.Skill Trident Z RGB 256 GB,903.26,3600,"8,32",16.0,DDR4,256,784
G.Skill Trident Z Royal 256 GB,1499.0,3600,"8,32",18.0,DDR4,256,785
G.Skill Trident Z Neo 256 GB,619.99,3600,"8,32",18.0,DDR4,256,786
G.Skill Trident Z Royal 128 GB,1132.96,3600,"8,16",14.0,DDR4,128,787
Corsair Vengeance RGB Pro 128 GB,334.99,3600,"4,32",18.0,DDR4,128,788
G.Skill Trident Z Royal 128 GB,879.0,3600,"4,32",16.0,DDR4,128,789
G.Skill Trident Z RGB 128 GB,289.99,3600,"4,32",18.0,DDR4,128,790
G.Skill Trident Z Neo 128 GB,799.0,3600,"4,32",16.0,DDR4,128,791
Corsair Vengeance LPX 128 GB,267.99,3600,"4,32",18.0,DDR4,128,792
G.Skill Ripjaws V 128 GB,269.99,3600,"4,32",18.0,DDR4,128,793
Corsair Vengeance RGB RT 128 GB,334.99,3600,"4,32",18.0,DDR4,128,794
G.Skill Trident Z Royal 128 GB,349.99,3600,"4,32",18.0,DDR4,128,795
G.Skill F4-3600C17Q2-128GTZKK 128 GB,518.52,3600,"8,16",17.0,DDR4,128,796
G.Skill F4-3600C17Q2-128GTZSW 128 GB,494.28,3600,"8,16",17.0,DDR4,128,797
Kingston Fury Renegade RGB 128 GB,507.16,3600,"4,32",18.0,DDR4,128,798
G.Skill Trident Z Neo 128 GB,916.2,3600,"8,16",14.0,DDR4,128,799
Kingston FURY Beast 128 GB,333.38,3600,"4,32",18.0,DDR4,128,800
G.Skill Trident Z Neo 128 GB,309.99,3600,"4,32",18.0,DDR4,128,801
G.Skill Trident Z Royal 128 GB,339.99,3600,"4,32",18.0,DDR4,128,802
Corsair Dominator Platinum RGB 64 GB,249.99,3600,"4,16",18.0,DDR4,64,803
G.Skill Ripjaws V 64 GB,117.99,3600,"2,32",18.0,DDR4,64,804
Patriot Viper Steel RGB 64 GB,121.99,3600,"2,32",20.0,DDR4,64,805
Corsair Dominator Platinum RGB 64 GB,224.99,3600,"2,32",18.0,DDR4,64,806
Patriot Viper Elite II 64 GB,114.99,3600,"2,32",20.0,DDR4,64,807
TEAMGROUP T-Force Xtreem ARGB 64 GB,149.99,3600,"2,32",18.0,DDR4,64,808
Corsair Vengeance RGB RS 64 GB,154.99,3600,"2,32",18.0,DDR4,64,809
G.Skill Trident Z Neo 64 GB,149.99,3600,"2,32",18.0,DDR4,64,810
G.Skill Trident Z Royal 64 GB,172.99,3600,"2,32",18.0,DDR4,64,811
TEAMGROUP T-Create Expert 64 GB,124.99,3600,"2,32",18.0,DDR4,64,812
Corsair Vengeance RGB Pro SL 64 GB,149.99,3600,"2,32",18.0,DDR4,64,813
Kingston FURY Beast 64 GB,159.99,3600,"2,32",18.0,DDR4,64,814
G.Skill Trident Z Neo 64 GB,199.99,3600,"2,32",16.0,DDR4,64,815
TEAMGROUP T-Force Vulcan Z 64 GB,117.99,3600,"2,32",18.0,DDR4,64,816
Corsair Vengeance RGB Pro 64 GB,153.91,3600,"2,32",18.0,DDR4,64,817
G.Skill Trident Z Neo 64 GB,204.99,3600,"4,16",16.0,DDR4,64,818
Corsair Vengeance RGB Pro SL 64 GB,179.99,3600,"4,16",18.0,DDR4,64,819
Corsair Vengeance LPX 64 GB,152.99,3600,"4,16",18.0,DDR4,64,820
Patriot Viper 4 Blackout 64 GB,114.99,3600,"2,32",18.0,DDR4,64,821
Corsair Vengeance RGB Pro 64 GB,189.99,3600,"4,16",18.0,DDR4,64,822
Kingston HyperX Fury 64 GB,459.0,3600,"2,32",18.0,DDR4,64,823
G.Skill Ripjaws V 64 GB,142.99,3600,"4,16",18.0,DDR4,64,824
Corsair Vengeance LPX 64 GB,142.99,3600,"2,32",18.0,DDR4,64,825
TEAMGROUP T-Force Delta RGB 64 GB,134.99,3600,"2,32",18.0,DDR4,64,826
Mushkin Redline Lumina 64 GB,132.99,3600,"2,32",16.0,DDR4,64,827
Corsair Dominator Platinum RGB 64 GB,254.99,3600,"4,16",18.0,DDR4,64,828
G.Skill Trident Z RGB 64 GB,143.99,3600,"2,32",18.0,DDR4,64,829
Patriot Viper Steel 64 GB,139.99,3600,"2,32",18.0,DDR4,64,830
G.Skill Trident Z Neo 64 GB,507.09,3600,"4,16",16.0,DDR4,64,831
G.Skill Trident Z Neo 64 GB,478.88,3600,"4,16",14.0,DDR4,64,832
Mushkin Redline Lumina 64 GB,174.52,3600,"2,32",16.0,DDR4,64,833
Thermaltake TOUGHRAM XG RGB 64 GB,350.99,3600,"2,32",18.0,DDR4,64,834
Mushkin Redline Lumina 64 GB,129.99,3600,"2,32",18.0,DDR4,64,835
G.Skill Trident Z Royal 64 GB,605.17,3600,"8,8",14.0,DDR4,64,836
Kingston FURY Beast RGB 64 GB,159.99,3600,"2,32",18.0,DDR4,64,837
G.Skill Trident Z Royal 64 GB,214.99,3600,"2,32",16.0,DDR4,64,838
Mushkin Enhanced Redline Stiletto 64 GB,134.99,3600,"2,32",18.0,DDR4,64,839
Mushkin Redline 64 GB,264.79,3600,"2,32",16.0,DDR4,64,840
Thermaltake TOUGHRAM XG RGB 64 GB,539.99,3600,"2,32",18.0,DDR4,64,841
Kingston FURY Renegade 64 GB,259.0,3600,"4,16",16.0,DDR4,64,842
G.Skill Ripjaws V 64 GB,309.89,3600,"2,32",16.0,DDR4,64,843
Kingston FURY Beast 64 GB,188.5,3600,"4,16",18.0,DDR4,64,844
Timetec PINNACLE Konduit RGB 64 GB,143.98,3600,"2,32",18.0,DDR4,64,845
G.Skill Trident Z Royal 64 GB,169.99,3600,"2,32",18.0,DDR4,64,846
G.Skill Trident Z Neo 64 GB,518.11,3600,"8,8",14.0,DDR4,64,847
Mushkin Redline 64 GB,266.2,3600,"2,32",18.0,DDR4,64,848
Kingston Fury Renegade RGB 64 GB,303.7,3600,"4,16",16.0,DDR4,64,849
Corsair Vengeance RGB RT 64 GB,169.99,3600,"2,32",18.0,DDR4,64,850
G.Skill Trident Z RGB 64 GB,383.39,3600,"4,16",14.0,DDR4,64,851
G.Skill Trident Z Neo 64 GB,546.15,3600,"4,16",14.0,DDR4,64,852
G.Skill Trident Z Royal 64 GB,614.99,3600,"8,8",14.0,DDR4,64,853
G.Skill F4-3600C16Q2-64GTZSW 64 GB,358.97,3600,"8,8",16.0,DDR4,64,854
Corsair Dominator Platinum RGB 64 GB,264.99,3600,"4,16",16.0,DDR4,64,855
Mushkin Enhanced Redline Stiletto 64 GB,169.99,3600,"2,32",16.0,DDR4,64,856
Corsair Vengeance RGB RT 64 GB,199.99,3600,"4,16",18.0,DDR4,64,857
G.Skill Trident Z Royal 64 GB,209.99,3600,"2,32",16.0,DDR4,64,858
G.Skill Trident Z Royal 64 GB,281.37,3600,"4,16",16.0,DDR4,64,859
G.Skill TridentZ RGB 64 GB,683.23,3600,"8,8",14.0,DDR4,64,860
Corsair Vengeance RGB Pro SL 64 GB,194.99,3600,"4,16",18.0,DDR4,64,861
G.Skill Trident Z RGB 64 GB,799.0,3600,"8,8",16.0,DDR4,64,862
G.Skill Ripjaws V 64 GB,299.0,3600,"4,16",19.0,DDR4,64,863
G.Skill F4-3600C16Q2-64GTZKK 64 GB,360.29,3600,"8,8",16.0,DDR4,64,864
Kingston FURY Renegade 64 GB,219.99,3600,"2,32",18.0,DDR4,64,865
G.Skill Ripjaws V 64 GB,594.69,3600,"4,16",14.0,DDR4,64,866
Mushkin Redline Lumina 64 GB,147.68,3600,"2,32",18.0,DDR4,64,867
Kingston Fury Beast RGB Special Edition 32 GB,107.99,3600,"2,16",18.0,DDR4,32,868
G.Skill Trident Z Neo 32 GB,169.99,3600,"2,16",14.0,DDR4,32,869
G.Skill Trident Z Royal 32 GB,105.99,3600,"2,16",19.0,DDR4,32,870
Mushkin Enhanced Redline Stiletto 32 GB,79.99,3600,"2,16",16.0,DDR4,32,871
TEAMGROUP T-Force Xtreem ARGB 32 GB,169.99,3600,"2,16",14.0,DDR4,32,872
Patriot Viper Steel 32 GB,74.98,3600,"2,16",18.0,DDR4,32,873
Corsair Vengeance RGB Pro 32 GB,139.99,3600,"4,8",18.0,DDR4,32,874
G.Skill Ripjaws V 32 GB,97.99,3600,"4,8",16.0,DDR4,32,875
TEAMGROUP T-Force Vulcan Z 32 GB,59.99,3600,"2,16",18.0,DDR4,32,876
G.Skill Ripjaws V 32 GB,79.98,3600,"2,16",16.0,DDR4,32,877
Kingston Fury Renegade RGB 32 GB,135.75,3600,"2,16",16.0,DDR4,32,878
Corsair Vengeance LPX 32 GB,84.99,3600,"2,16",18.0,DDR4,32,879
Corsair Vengeance LPX 32 GB,94.99,3600,"2,16",16.0,DDR4,32,880
Corsair Vengeance LPX 32 GB,92.99,3600,"4,8",18.0,DDR4,32,881
TEAMGROUP T-Force Delta RGB 32 GB,69.98,3600,"2,16",18.0,DDR4,32,882
G.Skill Trident Z Neo 32 GB,119.99,3600,"4,8",18.0,DDR4,32,883
Patriot Viper 4 Blackout 32 GB,74.98,3600,"2,16",18.0,DDR4,32,884
Corsair Vengeance RGB RT 32 GB,99.99,3600,"2,16",16.0,DDR4,32,885
TEAMGROUP T-Create Expert 32 GB,60.99,3600,"2,16",18.0,DDR4,32,886
GOODRAM IRDM PRO 32 GB,128.65,3600,"2,16",18.0,DDR4,32,887
G.Skill Trident Z Neo 32 GB,84.99,3600,"2,16",18.0,DDR4,32,888
G.Skill Ripjaws V 32 GB,67.99,3600,"2,16",18.0,DDR4,32,889
Corsair Vengeance RGB Pro SL 32 GB,86.86,3600,"2,16",18.0,DDR4,32,890
Corsair Vengeance RGB Pro SL 32 GB,92.99,3600,"2,16",18.0,DDR4,32,891
Corsair Dominator Platinum RGB 32 GB,179.99,3600,"4,8",18.0,DDR4,32,892
Corsair Vengeance RGB Pro SL 32 GB,129.99,3600,"4,8",18.0,DDR4,32,893
Corsair Dominator Platinum RGB 32 GB,119.99,3600,"2,16",18.0,DDR4,32,894
Corsair Vengeance RGB Pro 32 GB,124.99,3600,"4,8",18.0,DDR4,32,895
Kingston FURY Renegade 32 GB,138.91,3600,"2,16",16.0,DDR4,32,896
Corsair Vengeance LPX 32 GB,94.99,3600,"4,8",16.0,DDR4,32,897
G.Skill Trident Z RGB 32 GB,99.99,3600,"2,16",16.0,DDR4,32,898
Kingston FURY Beast 32 GB,94.99,3600,"2,16",18.0,DDR4,32,899
Corsair Vengeance RGB Pro SL 32 GB,82.99,3600,"2,16",18.0,DDR4,32,900
Patriot Viper Steel RGB 32 GB,84.99,3600,"2,16",20.0,DDR4,32,901
Corsair Vengeance LPX 32 GB,70.98,3600,"2,16",18.0,DDR4,32,902
Corsair Vengeance LPX 32 GB,81.99,3600,"2,16",18.0,DDR4,32,903
Corsair Vengeance RGB Pro 32 GB,97.99,3600,"2,16",18.0,DDR4,32,904
Corsair Vengeance RGB RS 32 GB,92.99,3600,"2,16",18.0,DDR4,32,905
Kingston FURY Beast RGB 32 GB,102.35,3600,"2,16",18.0,DDR4,32,906
Corsair Vengeance RGB RT 32 GB,99.99,3600,"2,16",18.0,DDR4,32,907
Lexar Ares RGB 32 GB,74.98,3600,"2,16",18.0,DDR4,32,908
G.Skill Ripjaws V 32 GB,69.99,3600,"2,16",18.0,DDR4,32,909
Corsair Vengeance RGB Pro 32 GB,144.99,3600,"4,8",16.0,DDR4,32,910
OLOy MD4U1636181CHKDA 32 GB,60.2,3600,"2,16",18.0,DDR4,32,911
PNY XLR8 32 GB,67.98,3600,"2,16",18.0,DDR4,32,912
TEAMGROUP T-Force Xtreem ARGB 32 GB,79.98,3600,"2,16",18.0,DDR4,32,913
Mushkin Redline 32 GB,248.99,3600,"2,16",16.0,DDR4,32,914
Corsair Vengeance RGB Pro 32 GB,94.05,3600,"2,16",18.0,DDR4,32,915
Kingston FURY Beast RGB 32 GB,115.4,3600,"2,16",18.0,DDR4,32,916
G.Skill Trident Z Neo 32 GB,89.99,3600,"2,16",16.0,DDR4,32,917
G.Skill Ripjaws V 32 GB,69.98,3600,"2,16",19.0,DDR4,32,918
Klevv BOLT X 32 GB,63.99,3600,"2,16",18.0,DDR4,32,919
G.Skill Ripjaws V 32 GB,184.99,3600,"2,16",14.0,DDR4,32,920
G.Skill Trident Z Neo 32 GB,154.99,3600,"2,16",16.0,DDR4,32,921
Timetec PINNACLE Konduit 32 GB,67.99,3600,"2,16",18.0,DDR4,32,922
Mushkin Redline Lumina 32 GB,101.63,3600,"2,16",16.0,DDR4,32,923
Klevv CRAS X RGB 32 GB,71.98,3600,"2,16",18.0,DDR4,32,924
OLOy Blade RGB 32 GB,62.99,3600,"2,16",18.0,DDR4,32,925
TEAMGROUP T-Force Xtreem ARGB 32 GB,84.99,3600,"2,16",18.0,DDR4,32,926
G.Skill Trident Z RGB 32 GB,81.99,3600,"2,16",18.0,DDR4,32,927
Kingston Fury Renegade RGB 32 GB,145.57,3600,"4,8",16.0,DDR4,32,928
G.Skill Trident Z Royal 32 GB,126.62,3600,"2,16",19.0,DDR4,32,929
G.Skill Trident Z RGB 32 GB,189.71,3600,"2,16",14.0,DDR4,32,930
G.Skill Trident Z Royal 32 GB,138.13,3600,"2,16",18.0,DDR4,32,931
V-Color Prism Pro 32 GB,64.99,3600,"2,16",18.0,DDR4,32,932
Corsair Vengeance RGB Pro 32 GB,138.16,3600,"4,8",18.0,DDR4,32,933
Mushkin Redline Lumina 32 GB,124.65,3600,"2,16",16.0,DDR4,32,934
G.Skill F4-3600C17D-32GTZSW 32 GB,166.0,3600,"2,16",17.0,DDR4,32,935
G.Skill Ripjaws V 32 GB,174.99,3600,"4,8",18.0,DDR4,32,936
Thermaltake TOUGHRAM XG RGB 32 GB,408.7,3600,"2,16",18.0,DDR4,32,937
G.Skill Trident Z Royal 32 GB,179.99,3600,"2,16",14.0,DDR4,32,938
Kingston FURY Beast 32 GB,111.8,3600,"4,8",18.0,DDR4,32,939
G.Skill Trident Z RGB 32 GB,215.0,3600,"2,16",17.0,DDR4,32,940
Mushkin Redline 32 GB,88.64,3600,"2,16",16.0,DDR4,32,941
Mushkin Redline Lumina 32 GB,72.98,3600,"2,16",18.0,DDR4,32,942
G.Skill Trident Z Royal Elite 32 GB,244.99,3600,"4,8",16.0,DDR4,32,943
Kingston FURY Renegade 32 GB,139.94,3600,"4,8",16.0,DDR4,32,944
Mushkin Enhanced Redline Stiletto 32 GB,72.99,3600,"2,16",18.0,DDR4,32,945
G.Skill Sniper X 32 GB,82.89,3600,"2,16",19.0,DDR4,32,946
Corsair Dominator Platinum RGB 32 GB,174.99,3600,"4,8",18.0,DDR4,32,947
G.Skill Sniper X 32 GB,198.0,3600,"4,8",19.0,DDR4,32,948
G.Skill Trident Z Royal Elite 32 GB,359.99,3600,"4,8",14.0,DDR4,32,949
TEAMGROUP T-Create Expert 32 GB,291.39,3600,"2,16",14.0,DDR4,32,950
G.Skill Trident Z Royal 32 GB,324.89,3600,"4,8",14.0,DDR4,32,951
G.Skill Trident Z RGB 32 GB,379.0,3600,"4,8",17.0,DDR4,32,952
Corsair Dominator Platinum RGB 32 GB,129.99,3600,"2,16",18.0,DDR4,32,953
G.Skill Trident Z 32 GB,117.77,3600,"2,16",17.0,DDR4,32,954
Corsair Vengeance RGB RS 32 GB,169.21,3600,"4,8",18.0,DDR4,32,955
G.Skill Trident Z Neo 32 GB,199.99,3600,"2,16",14.0,DDR4,32,956
Patriot Viper Elite II 32 GB,68.98,3600,"2,16",20.0,DDR4,32,957
Timetec 75TT36NU2R8-16GK2 32 GB,105.99,3600,"2,16",18.0,DDR4,32,958
PNY XLR8 Gaming EPIC-X RGB 32 GB,79.98,3600,"2,16",18.0,DDR4,32,959
G.Skill Trident Z Royal 32 GB,186.83,3600,"2,16",16.0,DDR4,32,960
G.Skill Trident Z Royal 32 GB,219.99,3600,"2,16",14.0,DDR4,32,961
G.Skill Trident Z 32 GB,162.12,3600,"4,8",17.0,DDR4,32,962
G.Skill Trident Z Royal 32 GB,371.84,3600,"4,8",14.0,DDR4,32,963
Mushkin Redline 32 GB,124.59,3600,"2,16",18.0,DDR4,32,964
G.Skill Trident Z Royal 32 GB,138.13,3600,"2,16",16.0,DDR4,32,965
Corsair Vengeance RGB RT 32 GB,126.78,3600,"4,8",18.0,DDR4,32,966
G.Skill Ripjaws V 32 GB,254.37,3600,"2,16",14.0,DDR4,32,967
Thermaltake TOUGHRAM XG RGB 32 GB,299.99,3600,"2,16",18.0,DDR4,32,968
Mushkin Redline Lumina 32 GB,134.09,3600,"2,16",18.0,DDR4,32,969
Corsair Vengeance RGB RT 32 GB,133.08,3600,"4,8",18.0,DDR4,32,970
G.Skill Trident Z Royal Elite 32 GB,409.76,3600,"4,8",14.0,DDR4,32,971
G.Skill Trident Z RGB 16 GB,56.99,3600,"2,8",18.0,DDR4,16,972
Corsair Vengeance RGB Pro SL 16 GB,61.99,3600,"2,8",18.0,DDR4,16,973
GOODRAM IRDM PRO 16 GB,80.98,3600,"2,8",18.0,DDR4,16,974
G.Skill Trident Z RGB 16 GB,62.99,3600,"2,8",16.0,DDR4,16,975
Corsair Vengeance RGB Pro 16 GB,74.98,3600,"2,8",16.0,DDR4,16,976
Patriot Viper 4 Blackout 16 GB,46.99,3600,"2,8",18.0,DDR4,16,977
TEAMGROUP T-Force Delta RGB 16 GB,47.99,3600,"2,8",18.0,DDR4,16,978
Klevv BOLT X 16 GB,38.99,3600,"2,8",18.0,DDR4,16,979
Kingston FURY Renegade 16 GB,70.98,3600,"2,8",16.0,DDR4,16,980
Corsair Vengeance LPX 16 GB,54.99,3600,"2,8",16.0,DDR4,16,981
TEAMGROUP Vulcan Z 16 GB,38.99,3600,"2,8",18.0,DDR4,16,982
G.Skill Trident Z Neo 16 GB,59.99,3600,"2,8",18.0,DDR4,16,983
Patriot Viper Steel 16 GB,39.99,3600,"2,8",18.0,DDR4,16,984
G.Skill Trident Z Royal 16 GB,92.91,3600,"2,8",18.0,DDR4,16,985
Timetec PINNACLE Konduit 16 GB,45.99,3600,"2,8",18.0,DDR4,16,986
PNY XLR8 16 GB,39.99,3600,"2,8",18.0,DDR4,16,987
Corsair Vengeance RGB Pro 16 GB,65.98,3600,"2,8",18.0,DDR4,16,988
TEAMGROUP T-Force Xtreem ARGB 16 GB,65.98,3600,"2,8",18.0,DDR4,16,989
Thermaltake TOUGHRAM RGB 16 GB,135.99,3600,"2,8",18.0,DDR4,16,990
Thermaltake TOUGHRAM RGB 16 GB,129.99,3600,"2,8",18.0,DDR4,16,991
Corsair Vengeance LPX 16 GB,47.99,3600,"2,8",18.0,DDR4,16,992
Lexar Ares RGB 16 GB,49.99,3600,"2,8",18.0,DDR4,16,993
OLOy WarHawk RGB 16 GB,39.99,3600,"2,8",18.0,DDR4,16,994
PNY XLR8 Gaming EPIC-X RGB 16 GB,49.99,3600,"2,8",18.0,DDR4,16,995
ADATA XPG SPECTRIX D50 16 GB,95.19,3600,"2,8",18.0,DDR4,16,996
Corsair Vengeance RGB RT 16 GB,74.98,3600,"2,8",16.0,DDR4,16,997
Corsair Vengeance RGB Pro 16 GB,64.98,3600,"2,8",18.0,DDR4,16,998
G.Skill Ripjaws V 16 GB,40.99,3600,"2,8",18.0,DDR4,16,999
Kingston FURY Beast RGB 16 GB,55.0,3600,"2,8",17.0,DDR4,16,1000
Silicon Power GAMING 16 GB,37.97,3600,"2,8",18.0,DDR4,16,1001
Corsair Vengeance RGB Pro 16 GB,62.99,3600,"2,8",18.0,DDR4,16,1002
Corsair Dominator Platinum RGB 16 GB,88.66,3600,"2,8",18.0,DDR4,16,1003
Kingston Fury Renegade RGB 16 GB,62.99,3600,"2,8",16.0,DDR4,16,1004
Kingston Fury Beast RGB Special Edition 16 GB,63.06,3600,"2,8",17.0,DDR4,16,1005
Klevv CRAS X RGB 16 GB,48.99,3600,"2,8",18.0,DDR4,16,1006
Corsair Dominator Platinum RGB 16 GB,89.99,3600,"2,8",18.0,DDR4,16,1007
Kingston FURY Beast RGB 16 GB,66.7,3600,"2,8",17.0,DDR4,16,1008
Patriot Viper Steel 16 GB,46.99,3600,"2,8",17.0,DDR4,16,1009
V-Color Prism Pro 16 GB,45.99,3600,"2,8",18.0,DDR4,16,1010
G.Skill Ripjaws V 16 GB,43.99,3600,"2,8",16.0,DDR4,16,1011
TEAMGROUP T-Create Expert 16 GB,37.99,3600,"2,8",18.0,DDR4,16,1012
Mushkin Enhanced Redline Stiletto 16 GB,101.92,3600,"2,8",14.0,DDR4,16,1013
G.Skill Trident Z Neo 16 GB,66.98,3600,"2,8",16.0,DDR4,16,1014
TEAMGROUP T-Force Vulcan Z 16 GB,38.99,3600,"2,8",18.0,DDR4,16,1015
Kingston FURY Beast 16 GB,47.83,3600,"2,8",17.0,DDR4,16,1016
TEAMGROUP T-Force Delta RGB 16 GB,51.25,3600,"2,8",18.0,DDR4,16,1017
Corsair Vengeance LPX 16 GB,40.99,3600,"2,8",18.0,DDR4,16,1018
Corsair Vengeance RGB Pro SL 16 GB,69.88,3600,"2,8",16.0,DDR4,16,1019
Corsair Vengeance RGB RS 16 GB,62.99,3600,"2,8",18.0,DDR4,16,1020
Crucial Ballistix 16 GB,111.99,3600,"2,8",16.0,DDR4,16,1021
OLOy MD4U0836180BHKDA 16 GB,45.99,3600,"2,8",18.0,DDR4,16,1022
Mushkin Enhanced Redline Stiletto 16 GB,42.99,3600,"2,8",18.0,DDR4,16,1023
Mushkin Redline Lumina 16 GB,69.68,3600,"2,8",14.0,DDR4,16,1024
Patriot Viper Steel RGB 16 GB,51.99,3600,"2,8",20.0,DDR4,16,1025
Thermaltake TOUGHRAM 16 GB,149.99,3600,"2,8",18.0,DDR4,16,1026
G.Skill Trident Z Royal Elite 16 GB,169.99,3600,"2,8",14.0,DDR4,16,1027
Thermaltake TOUGHRAM Z-ONE RGB 16 GB,138.13,3600,"2,8",18.0,DDR4,16,1028
G.Skill Trident Z RGB 16 GB,134.99,3600,"2,8",14.0,DDR4,16,1029
Mushkin Redline Lumina 16 GB,55.45,3600,"2,8",18.0,DDR4,16,1030
G.Skill Trident Z Royal Elite 16 GB,109.99,3600,"2,8",16.0,DDR4,16,1031
G.Skill Trident Z Royal 16 GB,89.99,3600,"2,8",16.0,DDR4,16,1032
G.Skill Trident Z Royal 16 GB,139.99,3600,"2,8",14.0,DDR4,16,1033
G.Skill Trident Z Royal 16 GB,94.54,3600,"2,8",18.0,DDR4,16,1034
G.Skill Trident Z Neo 16 GB,221.89,3600,"2,8",14.0,DDR4,16,1035
Corsair Vengeance RGB RT 16 GB,64.98,3600,"2,8",18.0,DDR4,16,1036
G.Skill Trident Z RGB 16 GB,79.98,3600,"2,8",17.0,DDR4,16,1037
Thermaltake TOUGHRAM XG RGB 16 GB,197.66,3600,"2,8",18.0,DDR4,16,1038
TEAMGROUP T-Force Xtreem ARGB 16 GB,54.99,3600,"2,8",18.0,DDR4,16,1039
G.Skill Ripjaws V 16 GB,86.7,3600,"2,8",16.0,DDR4,16,1040
Mushkin Redline Lumina 16 GB,61.51,3600,"2,8",16.0,DDR4,16,1041
G.Skill Trident Z 16 GB,135.88,3600,"2,8",16.0,DDR4,16,1042
G.Skill Trident Z 16 GB,83.44,3600,"2,8",17.0,DDR4,16,1043
GeIL Orion AMD Edition 16 GB,40.98,3600,"2,8",18.0,DDR4,16,1044
Mushkin Redline 16 GB,107.36,3600,"2,8",18.0,DDR4,16,1045
G.Skill Trident Z Royal 16 GB,793.09,3600,"2,8",14.0,DDR4,16,1046
Gigabyte AORUS RGB 16 GB,279.0,3600,"2,8",18.0,DDR4,16,1047
G.Skill Trident Z Royal 16 GB,130.51,3600,"2,8",16.0,DDR4,16,1048
Thermaltake TOUGHRAM XG RGB 16 GB,165.99,3600,"2,8",18.0,DDR4,16,1049
Corsair Dominator Platinum RGB 16 GB,84.99,3600,"2,8",18.0,DDR4,16,1050
G.Skill Ripjaws V 16 GB,192.39,3600,"2,8",14.0,DDR4,16,1051
G.Skill Trident Z RGB 16 GB,64.91,3600,"2,8",19.0,DDR4,16,1052
Mushkin Redline 16 GB,57.0,3600,"2,8",16.0,DDR4,16,1053
Mushkin Redline Lumina 16 GB,76.98,3600,"2,8",18.0,DDR4,16,1054
GeIL Orion AMD Edition 16 GB,44.74,3600,"2,8",18.0,DDR4,16,1055
Corsair Vengeance LPX 16 GB,125.61,3600,"2,8",20.0,DDR4,16,1056
Timetec PINNACLE Konduit RGB 16 GB,51.99,3600,"2,8",18.0,DDR4,16,1057
G.Skill Ripjaws V 16 GB,159.1,3600,"2,8",17.0,DDR4,16,1058
G.Skill Trident Z Royal 16 GB,164.64,3600,"2,8",14.0,DDR4,16,1059
G.Skill Trident Z Royal 16 GB,209.0,3600,"2,8",16.0,DDR4,16,1060
PNY XLR8 Gaming EPIC-X RGB 16 GB,142.99,3600,"2,8",18.0,DDR4,16,1061
G.Skill Trident Z Royal 16 GB,84.99,3600,"2,8",16.0,DDR4,16,1062
Thermaltake TOUGHRAM 16 GB,106.39,3600,"2,8",18.0,DDR4,16,1063
PROXMEM KERBEROS 16 GB,49.99,3600,"2,8",18.0,DDR4,16,1064
Patriot Viper Elite II 16 GB,40.99,3600,"2,8",20.0,DDR4,16,1065
GeIL Orion RGB AMD Edition 16 GB,43.99,3600,"2,8",18.0,DDR4,16,1066
G.Skill Trident Z Neo 16 GB,119.99,3600,"2,8",14.0,DDR4,16,1067
G.Skill Trident Z Royal 16 GB,154.99,3600,"2,8",14.0,DDR4,16,1068
Corsair Vengeance RGB Pro SL 16 GB,64.98,3600,"2,8",18.0,DDR4,16,1069
Mushkin Redline Lumina 16 GB,89.99,3600,"2,8",14.0,DDR4,16,1070
TEAMGROUP T-Force Vulcan Z 16 GB,89.99,3600,"2,8",14.0,DDR4,16,1071
Mushkin Redline 16 GB,58.98,3600,"2,8",14.0,DDR4,16,1072
Kingston HyperX Fury 64 GB,449.0,3466,"2,32",17.0,DDR4,64,1073
Corsair Dominator Platinum RGB 32 GB,124.99,3466,"2,16",16.0,DDR4,32,1074
G.Skill Trident Z 16 GB,229.0,3466,"2,8",16.0,DDR4,16,1075
Mushkin Redline 16 GB,149.99,3466,"2,8",18.0,DDR4,16,1076
G.Skill Sniper X 16 GB,204.32,3400,"2,8",16.0,DDR4,16,1077
Corsair Vengeance LPX 64 GB,525.14,3333,"4,16",16.0,DDR4,64,1078
Kingston Predator 16 GB,123.56,3333,"2,8",16.0,DDR4,16,1079
Gigabyte AORUS RGB 16 GB,203.59,3333,"2,8",18.0,DDR4,16,1080
Corsair Vengeance RGB Pro 256 GB,714.99,3200,"8,32",16.0,DDR4,256,1081
Corsair Vengeance RGB Pro 256 GB,1055.06,3200,"8,32",16.0,DDR4,256,1082
Kingston Fury Renegade RGB 256 GB,780.02,3200,"8,32",16.0,DDR4,256,1083
Corsair Vengeance RGB RT 256 GB,652.24,3200,"8,32",16.0,DDR4,256,1084
G.Skill Trident Z Neo 256 GB,589.99,3200,"8,32",16.0,DDR4,256,1085
G.Skill Trident Z Royal 256 GB,659.99,3200,"8,32",16.0,DDR4,256,1086
Corsair Vengeance RGB Pro SL 256 GB,1411.62,3200,"8,32",16.0,DDR4,256,1087
G.Skill Ripjaws V 256 GB,634.58,3200,"8,32",16.0,DDR4,256,1088
G.Skill TridentZ RGB 256 GB,1053.2,3200,"8,32",14.0,DDR4,256,1089
Corsair Vengeance LPX 256 GB,647.99,3200,"8,32",16.0,DDR4,256,1090
G.Skill Trident Z RGB 256 GB,589.99,3200,"8,32",16.0,DDR4,256,1091
Corsair Vengeance RGB RS 128 GB,571.66,3200,"4,32",16.0,DDR4,128,1092
Kingston FURY Beast 128 GB,299.64,3200,"4,32",16.0,DDR4,128,1093
Corsair Vengeance RGB Pro 128 GB,324.99,3200,"4,32",16.0,DDR4,128,1094
G.Skill Trident Z Neo 128 GB,309.99,3200,"4,32",16.0,DDR4,128,1095
Corsair Vengeance RGB RT 128 GB,301.07,3200,"4,32",16.0,DDR4,128,1096
G.Skill Trident Z RGB 128 GB,989.0,3200,"8,16",15.0,DDR4,128,1097
Corsair Vengeance RGB Pro SL 128 GB,314.99,3200,"4,32",16.0,DDR4,128,1098
Corsair Dominator Platinum RGB 128 GB,404.99,3200,"4,32",16.0,DDR4,128,1099
G.Skill Ripjaws V 128 GB,466.89,3200,"4,32",14.0,DDR4,128,1100
Corsair Dominator Platinum RGB 128 GB,679.45,3200,"4,32",16.0,DDR4,128,1101
G.Skill Trident Z Royal 128 GB,899.0,3200,"8,16",16.0,DDR4,128,1102
G.Skill Trident Z RGB 128 GB,506.13,3200,"4,32",14.0,DDR4,128,1103
G.Skill Ripjaws V 128 GB,264.99,3200,"4,32",16.0,DDR4,128,1104
G.Skill Trident Z RGB 128 GB,289.99,3200,"4,32",16.0,DDR4,128,1105
G.Skill F4-3200C16Q2-128GTZKW 128 GB,799.0,3200,"8,16",16.0,DDR4,128,1106
Kingston FURY Renegade 128 GB,379.99,3200,"4,32",16.0,DDR4,128,1107
G.Skill Trident Z Royal 128 GB,339.99,3200,"4,32",16.0,DDR4,128,1108
Corsair Vengeance LPX 128 GB,264.99,3200,"4,32",16.0,DDR4,128,1109
TEAMGROUP Elite 64 GB,119.99,3200,"2,32",22.0,DDR4,64,1110
Corsair Vengeance RGB Pro SL 64 GB,189.99,3200,"4,16",16.0,DDR4,64,1111
Mushkin Enhanced Redline Stiletto 64 GB,122.99,3200,"2,32",16.0,DDR4,64,1112
Gigabyte DESIGNARE 64 GB,221.9,3200,"2,32",16.0,DDR4,64,1113
G.Skill Trident Z RGB 64 GB,144.99,3200,"2,32",16.0,DDR4,64,1114
Corsair Vengeance RGB Pro 64 GB,194.99,3200,"4,16",16.0,DDR4,64,1115
Patriot Viper Steel RGB 64 GB,134.99,3200,"2,32",18.0,DDR4,64,1116
TEAMGROUP T-Force Xtreem ARGB 64 GB,391.31,3200,"2,32",16.0,DDR4,64,1117
TEAMGROUP T-Force Zeus 64 GB,109.99,3200,"2,32",20.0,DDR4,64,1118
Corsair Vengeance LED 64 GB,912.49,3200,"4,16",16.0,DDR4,64,1119
OLOy MD4U323216DJDA 64 GB,124.99,3200,"2,32",16.0,DDR4,64,1120
Corsair Dominator Platinum RGB 64 GB,234.99,3200,"4,16",16.0,DDR4,64,1121
Kingston Fury Renegade RGB 64 GB,334.04,3200,"2,32",16.0,DDR4,64,1122
Corsair Vengeance 64 GB,129.99,3200,"2,32",22.0,DDR4,64,1123
Mushkin Enhanced Redline Stiletto 64 GB,167.99,3200,"2,32",14.0,DDR4,64,1124
G.Skill Trident Z 64 GB,478.0,3200,"8,8",14.0,DDR4,64,1125
TEAMGROUP T-Create Expert 64 GB,119.99,3200,"2,32",16.0,DDR4,64,1126
G.Skill Trident Z Royal 64 GB,598.72,3200,"8,8",14.0,DDR4,64,1127
Kingston FURY Beast 64 GB,174.31,3200,"4,16",16.0,DDR4,64,1128
Corsair Vengeance RGB RT 64 GB,164.99,3200,"2,32",16.0,DDR4,64,1129
Corsair Vengeance RGB RS 64 GB,139.99,3200,"2,32",16.0,DDR4,64,1130
Patriot Viper Steel 64 GB,129.99,3200,"2,32",16.0,DDR4,64,1131
G.Skill Trident Z Neo 64 GB,149.99,3200,"2,32",16.0,DDR4,64,1132
TEAMGROUP T-Force Delta RGB 64 GB,134.99,3200,"2,32",16.0,DDR4,64,1133
G.Skill Trident Z RGB 64 GB,224.99,3200,"2,32",14.0,DDR4,64,1134
G.Skill Trident Z RGB 64 GB,367.27,3200,"4,16",16.0,DDR4,64,1135
Mushkin Redline 64 GB,264.79,3200,"2,32",14.0,DDR4,64,1136
Corsair Vengeance LPX 64 GB,129.99,3200,"2,32",16.0,DDR4,64,1137
Kingston FURY Renegade 64 GB,208.72,3200,"4,16",16.0,DDR4,64,1138
TEAMGROUP Elite 64 GB,110.99,3200,"2,32",22.0,DDR4,64,1139
Mushkin Essentials 64 GB,109.99,3200,"2,32",22.0,DDR4,64,1140
Mushkin Redline 64 GB,129.94,3200,"2,32",22.0,DDR4,64,1141
Mushkin Silverline 64 GB,119.99,3200,"2,32",22.0,DDR4,64,1142
G.Skill Ripjaws V 64 GB,134.99,3200,"2,32",16.0,DDR4,64,1143
Patriot Signature Line 64 GB,180.52,3200,"2,32",22.0,DDR4,64,1144
Timetec PINNACLE Konduit RGB 64 GB,141.6,3200,"2,32",16.0,DDR4,64,1145
G.Skill Flare X 64 GB,192.8,3200,"4,16",16.0,DDR4,64,1146
Crucial CT2K32G4DFD832A 64 GB,126.99,3200,"2,32",22.0,DDR4,64,1147
Corsair Dominator Platinum RGB 64 GB,204.99,3200,"2,32",16.0,DDR4,64,1148
G.Skill Trident Z 64 GB,349.6,3200,"4,16",14.0,DDR4,64,1149
G.Skill F4-3200C16Q-64GTZSK 64 GB,399.0,3200,"4,16",16.0,DDR4,64,1150
Kingston FURY Beast 64 GB,156.75,3200,"2,32",16.0,DDR4,64,1151
Corsair Vengeance RGB RT 64 GB,149.99,3200,"2,32",16.0,DDR4,64,1152
Mushkin Redline Lumina 64 GB,129.99,3200,"2,32",16.0,DDR4,64,1153
Corsair Vengeance RGB Pro 64 GB,149.99,3200,"2,32",16.0,DDR4,64,1154
G.Skill Ripjaws V 64 GB,139.99,3200,"4,16",16.0,DDR4,64,1155
G.Skill Ripjaws 64 GB,127.99,3200,"2,32",22.0,DDR4,64,1156
TEAMGROUP T-Force Delta RGB 64 GB,144.99,3200,"2,32",16.0,DDR4,64,1157
Crucial Pro 64 GB,131.58,3200,"2,32",22.0,DDR4,64,1158
TEAMGROUP T-Create Classic 64 GB,119.99,3200,"2,32",22.0,DDR4,64,1159
Mushkin Redline 64 GB,124.99,3200,"2,32",16.0,DDR4,64,1160
Mushkin Redline Lumina 64 GB,216.99,3200,"2,32",16.0,DDR4,64,1161
Kingston FURY Impact 64 GB,142.99,3200,"2,32",20.0,DDR4,64,1162
Corsair Dominator Platinum RGB 64 GB,213.6,3200,"2,32",16.0,DDR4,64,1163
Mushkin Redline 64 GB,172.99,3200,"2,32",16.0,DDR4,64,1164
TEAMGROUP T-Force Vulcan Z 64 GB,114.99,3200,"2,32",16.0,DDR4,64,1165
Mushkin Redline Lumina 64 GB,261.99,3200,"2,32",14.0,DDR4,64,1166
Corsair Vengeance LPX 64 GB,147.99,3200,"4,16",16.0,DDR4,64,1167
Corsair Vengeance RGB RT 64 GB,204.99,3200,"4,16",16.0,DDR4,64,1168
G.Skill Ripjaws V 64 GB,1790.28,3200,"4,16",14.0,DDR4,64,1169
Kingston FURY Beast 64 GB,179.68,3200,"4,16",16.0,DDR4,64,1170
G.Skill Trident Z 64 GB,877.11,3200,"8,8",16.0,DDR4,64,1171
Corsair Vengeance RGB Pro SL 64 GB,145.99,3200,"2,32",16.0,DDR4,64,1172
Corsair Vengeance RGB RS 64 GB,262.25,3200,"4,16",16.0,DDR4,64,1173
Corsair Vengeance RGB RT 64 GB,201.43,3200,"4,16",16.0,DDR4,64,1174
Patriot Viper 4 Blackout 64 GB,120.99,3200,"2,32",16.0,DDR4,64,1175
G.Skill Trident Z Royal 64 GB,429.58,3200,"4,16",14.0,DDR4,64,1176
G.Skill Trident Z Neo 64 GB,204.63,3200,"4,16",16.0,DDR4,64,1177
OLOy WarHawk RGB 64 GB,134.99,3200,"2,32",16.0,DDR4,64,1178
G.Skill Trident Z RGB 64 GB,365.95,3200,"4,16",14.0,DDR4,64,1179
G.Skill Trident Z 64 GB,353.96,3200,"4,16",14.0,DDR4,64,1180
Kingston FURY Renegade 64 GB,186.21,3200,"2,32",16.0,DDR4,64,1181
Corsair Vengeance RGB RT 32 GB,95.99,3200,"2,16",16.0,DDR4,32,1182
Mushkin Redline 32 GB,155.05,3200,"2,16",16.0,DDR4,32,1183
Kingston HyperX Fury RGB 32 GB,306.8,3200,"4,8",16.0,DDR4,32,1184
Corsair Vengeance RGB Pro SL 32 GB,114.99,3200,"4,8",16.0,DDR4,32,1185
G.Skill Trident Z 32 GB,1094.24,3200,"2,16",14.0,DDR4,32,1186
Patriot Viper Steel RGB 32 GB,73.99,3200,"2,16",18.0,DDR4,32,1187
TEAMGROUP T-Force Vulcan Z 32 GB,55.99,3200,"2,16",16.0,DDR4,32,1188
G.Skill Trident Z RGB 32 GB,84.99,3200,"2,16",16.0,DDR4,32,1189
Corsair Vengeance LPX 32 GB,74.98,3200,"2,16",16.0,DDR4,32,1190
Crucial Pro 32 GB,65.98,3200,"2,16",22.0,DDR4,32,1191
Corsair Vengeance RGB Pro 32 GB,81.99,3200,"2,16",16.0,DDR4,32,1192
G.Skill Trident Z 32 GB,215.53,3200,"4,8",14.0,DDR4,32,1193
Patriot Viper 4 Blackout 32 GB,69.98,3200,"2,16",16.0,DDR4,32,1194
Silicon Power GAMING 32 GB,53.97,3200,"2,16",16.0,DDR4,32,1195
G.Skill Trident Z Neo 32 GB,89.99,3200,"2,16",16.0,DDR4,32,1196
G.Skill Trident Z 32 GB,135.0,3200,"2,16",16.0,DDR4,32,1197
G.Skill Trident Z Royal 32 GB,188.61,3200,"4,8",16.0,DDR4,32,1198
Patriot Viper Elite II 32 GB,65.98,3200,"2,16",18.0,DDR4,32,1199
Crucial CT2K16G4SFRA32A 32 GB,64.98,3200,"2,16",22.0,DDR4,32,1200
TEAMGROUP T-Force Zeus 32 GB,169.0,3200,"2,16",20.0,DDR4,32,1201
ADATA XPG SPECTRIX D50 32 GB,89.99,3200,"2,16",16.0,DDR4,32,1202
Mushkin Redline 32 GB,96.99,3200,"2,16",16.0,DDR4,32,1203
G.Skill F4-3200C16D-32GTZ 32 GB,73.59,3200,"2,16",16.0,DDR4,32,1204
TEAMGROUP Elite 32 GB,56.99,3200,"2,16",22.0,DDR4,32,1205
Patriot Viper Venom RGB 32 GB,93.18,3200,"2,16",16.0,DDR4,32,1206
G.Skill Ripjaws V 32 GB,169.95,3200,"2,16",14.0,DDR4,32,1207
Silicon Power XPOWER Turbine 32 GB,58.99,3200,"2,16",16.0,DDR4,32,1208
Corsair Vengeance LPX 32 GB,94.99,3200,"4,8",16.0,DDR4,32,1209
Kingston FURY Beast RGB 32 GB,94.99,3200,"2,16",16.0,DDR4,32,1210
Kingston FURY Beast 32 GB,81.99,3200,"2,16",16.0,DDR4,32,1211
G.Skill Ripjaws V 32 GB,69.98,3200,"2,16",16.0,DDR4,32,1212
Mushkin Redline 32 GB,156.44,3200,"2,16",14.0,DDR4,32,1213
Klevv CRAS X RGB 32 GB,69.98,3200,"2,16",16.0,DDR4,32,1214
G.Skill Flare X 32 GB,195.16,3200,"4,8",14.0,DDR4,32,1215
Corsair Dominator Platinum RGB 32 GB,159.99,3200,"4,8",16.0,DDR4,32,1216
G.Skill Trident Z 32 GB,1218.56,3200,"2,16",15.0,DDR4,32,1217
Crucial Ballistix 32 GB,167.99,3200,"2,16",16.0,DDR4,32,1218
Kingston FURY Impact 32 GB,77.98,3200,"2,16",20.0,DDR4,32,1219
Corsair Vengeance RGB Pro SL 32 GB,89.99,3200,"4,8",16.0,DDR4,32,1220
ADATA XPG GAMMIX D20 32 GB,123.3,3200,"2,16",16.0,DDR4,32,1221
TEAMGROUP T-Force Zeus 32 GB,55.99,3200,"2,16",16.0,DDR4,32,1222
G.Skill Trident Z Royal 32 GB,102.99,3200,"2,16",16.0,DDR4,32,1223
G.Skill Flare X 32 GB,162.46,3200,"2,16",14.0,DDR4,32,1224
Mushkin Enhanced Redline Stiletto 32 GB,67.99,3200,"2,16",16.0,DDR4,32,1225
G.Skill Trident Z Royal 32 GB,205.72,3200,"2,16",14.0,DDR4,32,1226
Kingston FURY Beast 32 GB,98.55,3200,"4,8",16.0,DDR4,32,1227
Corsair Vengeance RGB Pro SL 32 GB,89.99,3200,"2,16",16.0,DDR4,32,1228
Mushkin Enhanced Essentials 32 GB,77.19,3200,"2,16",22.0,DDR4,32,1229
G.Skill Ripjaws V 32 GB,142.88,3200,"4,8",16.0,DDR4,32,1230
TEAMGROUP Elite 32 GB,58.99,3200,"2,16",22.0,DDR4,32,1231
G.Skill Ripjaws V 32 GB,69.99,3200,"2,16",16.0,DDR4,32,1232
Addlink Spider 4 32 GB,81.44,3200,"2,16",16.0,DDR4,32,1233
TEAMGROUP T-Create Expert 32 GB,59.99,3200,"2,16",16.0,DDR4,32,1234
Kingston Fury Beast RGB Special Edition 32 GB,101.25,3200,"2,16",16.0,DDR4,32,1235
Corsair Vengeance RGB Pro 32 GB,117.99,3200,"4,8",16.0,DDR4,32,1236
GeIL Orion AMD Edition 32 GB,57.99,3200,"2,16",16.0,DDR4,32,1237
Kingston Fury Renegade RGB 32 GB,103.97,3200,"2,16",16.0,DDR4,32,1238
Corsair Vengeance RGB Pro SL 32 GB,79.98,3200,"2,16",16.0,DDR4,32,1239
Mushkin Redline 32 GB,256.69,3200,"2,16",16.0,DDR4,32,1240
G.Skill Trident Z Neo 32 GB,185.9,3200,"2,16",14.0,DDR4,32,1241
Corsair Vengeance RGB Pro 32 GB,96.99,3200,"2,16",16.0,DDR4,32,1242
Timetec PINNACLE Konduit RGB 32 GB,68.99,3200,"2,16",16.0,DDR4,32,1243
Corsair Vengeance RGB RT 32 GB,124.99,3200,"4,8",16.0,DDR4,32,1244
Kingston FURY Beast RGB 32 GB,106.17,3200,"2,16",16.0,DDR4,32,1245
Mushkin Redline 32 GB,60.96,3200,"2,16",22.0,DDR4,32,1246
OLOy ND4U1632161DJ0DA 32 GB,55.99,3200,"2,16",16.0,DDR4,32,1247
G.Skill Trident Z RGB 32 GB,114.99,3200,"4,8",16.0,DDR4,32,1248
Silicon Power XPOWER Turbine RGB 32 GB,64.99,3200,"2,16",16.0,DDR4,32,1249
Kingston FURY Beast 32 GB,86.95,3200,"2,16",16.0,DDR4,32,1250
G.Skill Ripjaws 32 GB,99.99,3200,"2,16",18.0,DDR4,32,1251
G.Skill Sniper X 32 GB,175.52,3200,"4,8",16.0,DDR4,32,1252
Kingston FURY Renegade 32 GB,124.39,3200,"2,16",16.0,DDR4,32,1253
G.Skill Trident Z 32 GB,171.18,3200,"2,16",14.0,DDR4,32,1254
Mushkin Redline Lumina 32 GB,161.3,3200,"2,16",14.0,DDR4,32,1255
Mushkin Redline 32 GB,89.55,3200,"2,16",16.0,DDR4,32,1256
G.Skill Trident Z RGB 32 GB,152.99,3200,"2,16",14.0,DDR4,32,1257
Corsair Vengeance RGB RT 32 GB,99.99,3200,"2,16",16.0,DDR4,32,1258
Mushkin Redline 32 GB,149.49,3200,"2,16",14.0,DDR4,32,1259
Timetec PINNACLE Konduit 32 GB,66.99,3200,"2,16",16.0,DDR4,32,1260
Mushkin Redline Lumina 32 GB,72.98,3200,"2,16",16.0,DDR4,32,1261
PNY XLR8 Gaming EPIC-X RGB 32 GB,71.98,3200,"2,16",16.0,DDR4,32,1262
G.Skill Aegis 32 GB,66.98,3200,"2,16",16.0,DDR4,32,1263
Silicon Power XPOWER Turbine 32 GB,53.97,3200,"2,16",16.0,DDR4,32,1264
Corsair Vengeance RGB Pro 32 GB,250.0,3200,"2,16",16.0,DDR4,32,1265
Corsair Dominator Platinum RGB 32 GB,109.99,3200,"2,16",16.0,DDR4,32,1266
Corsair Vengeance RGB Pro 32 GB,562.55,3200,"4,8",14.0,DDR4,32,1267
G.Skill Trident Z Royal 32 GB,129.41,3200,"2,16",16.0,DDR4,32,1268
Corsair Dominator Platinum RGB 32 GB,202.41,3200,"2,16",16.0,DDR4,32,1269
Addlink Spider X4 32 GB,86.44,3200,"2,16",16.0,DDR4,32,1270
Crucial CT2K16G4DFD832A 32 GB,69.98,3200,"2,16",22.0,DDR4,32,1271
Silicon Power SU032GBSFU320F22AF 32 GB,56.97,3200,"2,16",22.0,DDR4,32,1272
Mushkin Silverline 32 GB,69.98,3200,"2,16",22.0,DDR4,32,1273
Silicon Power XPOWER Zenith Gaming 32 GB,58.97,3200,"2,16",16.0,DDR4,32,1274
TEAMGROUP T-Force Xtreem ARGB 32 GB,144.91,3200,"2,16",16.0,DDR4,32,1275
G.Skill Trident Z RGB 32 GB,81.99,3200,"2,16",16.0,DDR4,32,1276
G.Skill Aegis 32 GB,74.98,3200,"4,8",16.0,DDR4,32,1277
Mushkin Redline Lumina 32 GB,146.99,3200,"2,16",14.0,DDR4,32,1278
Corsair Vengeance RGB Pro 32 GB,124.99,3200,"4,8",16.0,DDR4,32,1279
Lexar THOR 32 GB,75.72,3200,"2,16",16.0,DDR4,32,1280
Klevv BOLT X 32 GB,60.99,3200,"2,16",16.0,DDR4,32,1281
G.Skill Trident Z RGB 32 GB,112.99,3200,"4,8",16.0,DDR4,32,1282
Patriot Viper 4 32 GB,119.49,3200,"2,16",16.0,DDR4,32,1283
G.Skill Ripjaws 32 GB,66.98,3200,"2,16",22.0,DDR4,32,1284
Corsair Vengeance RGB Pro 32 GB,111.99,3200,"2,16",16.0,DDR4,32,1285
Silicon Power XPOWER Zenith RGB Gaming 32 GB,64.99,3200,"2,16",16.0,DDR4,32,1286
G.Skill Trident Z Neo 32 GB,336.0,3200,"4,8",14.0,DDR4,32,1287
G.Skill Trident Z 32 GB,113.07,3200,"4,8",16.0,DDR4,32,1288
Kingston Fury Renegade RGB 32 GB,159.99,3200,"4,8",16.0,DDR4,32,1289
Corsair Vengeance RGB RS 32 GB,81.99,3200,"2,16",16.0,DDR4,32,1290
Corsair Vengeance LPX 32 GB,89.99,3200,"4,8",16.0,DDR4,32,1291
Corsair Dominator Platinum RGB 32 GB,119.99,3200,"2,16",16.0,DDR4,32,1292
TEAMGROUP T-Force Delta RGB 32 GB,74.98,3200,"2,16",16.0,DDR4,32,1293
TEAMGROUP T-Create Classic 32 GB,59.99,3200,"2,16",22.0,DDR4,32,1294
TEAMGROUP T-Create Expert 32 GB,290.19,3200,"2,16",14.0,DDR4,32,1295
TEAMGROUP T-Force Xtreem ARGB 32 GB,129.69,3200,"2,16",16.0,DDR4,32,1296
G.Skill Trident Z 32 GB,169.0,3200,"2,16",14.0,DDR4,32,1297
G.Skill Trident Z 32 GB,115.0,3200,"2,16",16.0,DDR4,32,1298
Patriot Viper Steel 32 GB,67.99,3200,"2,16",16.0,DDR4,32,1299
Corsair Vengeance RGB RS 32 GB,158.5,3200,"4,8",16.0,DDR4,32,1300
Crucial CT2K16G4DFRA32A 32 GB,69.95,3200,"2,16",22.0,DDR4,32,1301
ADATA XPG GAMMIX D10 16 GB,68.12,3200,"2,8",16.0,DDR4,16,1302
Corsair Vengeance LPX 16 GB,41.98,3200,"2,8",18.0,DDR4,16,1303
Corsair Dominator Platinum RGB 16 GB,79.98,3200,"2,8",16.0,DDR4,16,1304
TEAMGROUP T-Force Vulcan Z 16 GB,35.99,3200,"2,8",16.0,DDR4,16,1305
Patriot Viper 4 Blackout 16 GB,45.99,3200,"2,8",16.0,DDR4,16,1306
Silicon Power XPOWER Turbine RGB 16 GB,47.97,3200,"2,8",16.0,DDR4,16,1307
Patriot Signature Line 16 GB,36.99,3200,"2,8",19.0,DDR4,16,1308
G.Skill Trident Z 16 GB,79.99,3200,"2,8",14.0,DDR4,16,1309
TEAMGROUP T-Force Delta RGB 16 GB,56.61,3200,"2,8",16.0,DDR4,16,1310
Timetec PINNACLE Konduit 16 GB,36.99,3200,"2,8",16.0,DDR4,16,1311
Corsair Vengeance RGB Pro 16 GB,64.98,3200,"2,8",16.0,DDR4,16,1312
Kingston FURY Beast 16 GB,47.72,3200,"2,8",16.0,DDR4,16,1313
Corsair Vengeance RGB Pro 16 GB,59.99,3200,"2,8",16.0,DDR4,16,1314
TEAMGROUP Elite 16 GB,33.99,3200,"2,8",22.0,DDR4,16,1315
G.Skill Trident Z Neo 16 GB,59.99,3200,"2,8",16.0,DDR4,16,1316
Patriot Viper Elite II 16 GB,38.99,3200,"2,8",18.0,DDR4,16,1317
Patriot Viper 4 16 GB,111.08,3200,"2,8",16.0,DDR4,16,1318
G.Skill Ripjaws V 16 GB,39.99,3200,"2,8",16.0,DDR4,16,1319
Silicon Power XPOWER Zenith RGB Gaming 16 GB,48.97,3200,"2,8",16.0,DDR4,16,1320
Kingston Fury Beast RGB Special Edition 16 GB,58.99,3200,"2,8",16.0,DDR4,16,1321
Silicon Power GAMING 16 GB,34.97,3200,"2,8",16.0,DDR4,16,1322
Corsair Vengeance RGB Pro 16 GB,62.99,3200,"2,8",16.0,DDR4,16,1323
G.Skill Trident Z Royal 16 GB,79.98,3200,"2,8",16.0,DDR4,16,1324
Silicon Power XPOWER Turbine 16 GB,34.97,3200,"2,8",16.0,DDR4,16,1325
G.Skill Trident Z RGB 16 GB,59.99,3200,"2,8",16.0,DDR4,16,1326
TEAMGROUP Night Hawk RGB Gen 2 16 GB,71.38,3200,"2,8",16.0,DDR4,16,1327
Corsair Vengeance LPX 16 GB,39.99,3200,"2,8",16.0,DDR4,16,1328
Corsair Vengeance LPX 16 GB,38.98,3200,"2,8",16.0,DDR4,16,1329
G.Skill Sniper X 16 GB,362.25,3200,"2,8",16.0,DDR4,16,1330
G.Skill Trident Z 16 GB,149.4,3200,"2,8",15.0,DDR4,16,1331
Mushkin Redline 16 GB,43.51,3200,"2,8",16.0,DDR4,16,1332
Mushkin Enhanced Redline Stiletto 16 GB,69.55,3200,"2,8",16.0,DDR4,16,1333
G.Skill Ripjaws V 16 GB,72.99,3200,"2,8",14.0,DDR4,16,1334
Mushkin Redline 16 GB,83.33,3200,"2,8",16.0,DDR4,16,1335
G.Skill Aegis 16 GB,42.99,3200,"2,8",16.0,DDR4,16,1336
Corsair Vengeance LPX 16 GB,45.99,3200,"2,8",16.0,DDR4,16,1337
G.Skill Trident Z RGB 16 GB,89.99,3200,"2,8",14.0,DDR4,16,1338
G.Skill Ripjaws V 16 GB,42.99,3200,"2,8",16.0,DDR4,16,1339
Corsair Vengeance RGB RT 16 GB,64.83,3200,"2,8",16.0,DDR4,16,1340
Silicon Power SP016GBLFU320B22 16 GB,29.99,3200,"2,8",22.0,DDR4,16,1341
Thermaltake TOUGHRAM 16 GB,144.98,3200,"2,8",16.0,DDR4,16,1342
G.Skill Trident Z 16 GB,159.0,3200,"2,8",15.0,DDR4,16,1343
TEAMGROUP T-Force Delta RGB 16 GB,53.28,3200,"2,8",16.0,DDR4,16,1344
G.Skill Trident Z 16 GB,57.82,3200,"2,8",16.0,DDR4,16,1345
GeIL Orion AMD Edition 16 GB,36.98,3200,"2,8",16.0,DDR4,16,1346
Corsair Vengeance RGB Pro SL 16 GB,59.99,3200,"2,8",16.0,DDR4,16,1347
Kingston FURY Renegade 16 GB,61.5,3200,"2,8",16.0,DDR4,16,1348
Mushkin Enhanced Essentials 16 GB,67.37,3200,"2,8",22.0,DDR4,16,1349
Patriot Viper Steel RGB 16 GB,51.99,3200,"2,8",18.0,DDR4,16,1350
Corsair Vengeance RGB Pro 16 GB,54.99,3200,"2,8",16.0,DDR4,16,1351
Timetec PINNACLE Konduit RGB 16 GB,48.99,3200,"2,8",16.0,DDR4,16,1352
Crucial CT2K8G4SFS832A 16 GB,58.81,3200,"2,8",22.0,DDR4,16,1353
TEAMGROUP T-Force Delta TUF Gaming Alliance 16 GB,49.99,3200,"2,8",16.0,DDR4,16,1354
Corsair Vengeance RGB RT 16 GB,64.73,3200,"2,8",16.0,DDR4,16,1355
TEAMGROUP T-Force Vulcan Z 16 GB,38.99,3200,"2,8",16.0,DDR4,16,1356
Mushkin Enhanced Redline Stiletto 16 GB,104.12,3200,"2,8",14.0,DDR4,16,1357
G.Skill Trident Z Neo 16 GB,149.0,3200,"2,8",14.0,DDR4,16,1358
G.Skill Trident Z RGB 16 GB,87.99,3200,"2,8",14.0,DDR4,16,1359
Corsair Dominator Platinum RGB 16 GB,79.99,3200,"2,8",16.0,DDR4,16,1360
Mushkin Redline 16 GB,44.6,3200,"2,8",16.0,DDR4,16,1361
TEAMGROUP T-Create Classic 16 GB,36.99,3200,"2,8",22.0,DDR4,16,1362
ADATA XPG SPECTRIX D50 16 GB,54.99,3200,"2,8",16.0,DDR4,16,1363
Corsair Vengeance LPX 16 GB,35.99,3200,"2,8",16.0,DDR4,16,1364
Mushkin Redline 16 GB,82.99,3200,"2,8",14.0,DDR4,16,1365
Corsair Vengeance RGB RS 16 GB,59.99,3200,"2,8",16.0,DDR4,16,1366
TEAMGROUP T-Force Delta RGB 16 GB,47.99,3200,"2,8",16.0,DDR4,16,1367
Kingston HyperX Predator 16 GB,126.34,3200,"2,8",16.0,DDR4,16,1368
Mushkin Redline Lumina 16 GB,99.4,3200,"2,8",14.0,DDR4,16,1369
G.Skill Flare X 16 GB,72.99,3200,"2,8",14.0,DDR4,16,1370
Crucial Ballistix 16 GB,81.45,3200,"2,8",16.0,DDR4,16,1371
G.Skill Trident Z RGB 16 GB,55.99,3200,"2,8",16.0,DDR4,16,1372
Klevv CRAS X RGB 16 GB,47.99,3200,"2,8",16.0,DDR4,16,1373
Corsair Vengeance RGB Pro SL 16 GB,57.99,3200,"2,8",16.0,DDR4,16,1374
Corsair Vengeance LPX 16 GB,118.8,3200,"2,8",16.0,DDR4,16,1375
G.Skill Sniper X 16 GB,40.99,3200,"2,8",16.0,DDR4,16,1376
Corsair Dominator Platinum RGB 16 GB,72.0,3200,"2,8",16.0,DDR4,16,1377
G.Skill Ripjaws V 16 GB,41.99,3200,"2,8",16.0,DDR4,16,1378
G.Skill Trident Z 16 GB,49.99,3200,"2,8",16.0,DDR4,16,1379
Kingston FURY Beast RGB 16 GB,54.99,3200,"2,8",16.0,DDR4,16,1380
Corsair Dominator Platinum RGB 16 GB,84.99,3200,"2,8",18.0,DDR4,16,1381
Crucial Ballistix 16 GB,96.99,3200,"2,8",16.0,DDR4,16,1382
Mushkin Redline Lumina 16 GB,70.9,3200,"2,8",16.0,DDR4,16,1383
Kingston Fury Renegade RGB 16 GB,69.98,3200,"2,8",16.0,DDR4,16,1384
Patriot Viper Steel 16 GB,42.99,3200,"2,8",16.0,DDR4,16,1385
Crucial Ballistix 16 GB,113.48,3200,"2,8",16.0,DDR4,16,1386
Silicon Power XPOWER Zenith Gaming 16 GB,37.99,3200,"2,8",16.0,DDR4,16,1387
G.Skill Trident Z Royal 16 GB,180.39,3200,"2,8",14.0,DDR4,16,1388
Kingston FURY Impact 16 GB,42.99,3200,"2,8",20.0,DDR4,16,1389
TEAMGROUP T-Force Xtreem ARGB 16 GB,107.99,3200,"2,8",16.0,DDR4,16,1390
G.Skill Ripjaws V 16 GB,122.19,3200,"2,8",14.0,DDR4,16,1391
OLOy OWL RGB 16 GB,38.99,3200,"2,8",16.0,DDR4,16,1392
Mushkin Redline Lumina 16 GB,73.98,3200,"2,8",16.0,DDR4,16,1393
TEAMGROUP T-Force Xtreem ARGB 16 GB,312.95,3200,"2,8",14.0,DDR4,16,1394
G.Skill Ripjaws V 16 GB,63.99,3200,"2,8",15.0,DDR4,16,1395
PNY XLR8 Gaming EPIC-X RGB 16 GB,49.99,3200,"2,8",16.0,DDR4,16,1396
OLOy WarHawk RGB 16 GB,38.99,3200,"2,8",16.0,DDR4,16,1397
Crucial CT2K8G4DFRA32A 16 GB,39.99,3200,"2,8",22.0,DDR4,16,1398
OLOy MD4U083216BJDA 16 GB,41.99,3200,"2,8",16.0,DDR4,16,1399
PNY XLR8 16 GB,38.99,3200,"2,8",16.0,DDR4,16,1400
ADATA XPG GAMMIX D20 16 GB,80.62,3200,"2,8",16.0,DDR4,16,1401
G.Skill Flare X 16 GB,42.99,3200,"2,8",16.0,DDR4,16,1402
TEAMGROUP T-Force Xtreem ARGB 16 GB,105.87,3200,"2,8",16.0,DDR4,16,1403
Thermaltake TOUGHRAM RGB 16 GB,129.99,3200,"2,8",16.0,DDR4,16,1404
Timetec PINNACLE Konduit 16 GB,38.99,3200,"2,8",16.0,DDR4,16,1405
TEAMGROUP T-Create Expert 16 GB,36.99,3200,"2,8",16.0,DDR4,16,1406
G.Skill Sniper X 16 GB,49.32,3200,"2,8",16.0,DDR4,16,1407
Crucial CT2K8G4DFS832A 16 GB,62.99,3200,"2,8",22.0,DDR4,16,1408
Corsair Vengeance LPX 16 GB,44.99,3200,"2,8",16.0,DDR4,16,1409
Lexar THOR 16 GB,46.61,3200,"2,8",16.0,DDR4,16,1410
Corsair Vengeance RGB Pro SL 16 GB,54.99,3200,"2,8",16.0,DDR4,16,1411
Corsair Vengeance RGB Pro 256 GB,1658.29,3000,"8,32",16.0,DDR4,256,1412
Corsair Vengeance LPX 128 GB,517.32,3000,"8,16",15.0,DDR4,128,1413
Corsair Vengeance RGB Pro 128 GB,314.99,3000,"4,32",16.0,DDR4,128,1414
Corsair Vengeance LPX 64 GB,139.99,3000,"2,32",16.0,DDR4,64,1415
Corsair Vengeance LPX 64 GB,154.99,3000,"4,16",16.0,DDR4,64,1416
Corsair Vengeance RGB Pro 64 GB,529.99,3000,"4,16",15.0,DDR4,64,1417
G.Skill Trident Z Royal 64 GB,209.99,3000,"4,16",16.0,DDR4,64,1418
Corsair Vengeance LPX 32 GB,79.98,3000,"2,16",16.0,DDR4,32,1419
G.Skill Trident Z RGB 32 GB,97.61,3000,"2,16",16.0,DDR4,32,1420
Patriot Viper 4 Blackout 32 GB,102.89,3000,"2,16",16.0,DDR4,32,1421
Corsair Vengeance LED 32 GB,302.39,3000,"4,8",15.0,DDR4,32,1422
Corsair Vengeance 32 GB,349.99,3000,"2,16",16.0,DDR4,32,1423
Corsair Vengeance RGB Pro 32 GB,369.48,3000,"2,16",15.0,DDR4,32,1424
Corsair Vengeance RGB 32 GB,283.18,3000,"4,8",15.0,DDR4,32,1425
Kingston HyperX Predator 32 GB,233.16,3000,"4,8",15.0,DDR4,32,1426
Kingston Predator 32 GB,221.31,3000,"2,16",15.0,DDR4,32,1427
G.Skill Trident Z Neo 32 GB,169.0,3000,"2,16",16.0,DDR4,32,1428
G.Skill Aegis 32 GB,61.99,3000,"2,16",16.0,DDR4,32,1429
G.Skill Ripjaws 32 GB,97.3,3000,"2,16",16.0,DDR4,32,1430
Corsair Vengeance RGB Pro 32 GB,89.99,3000,"2,16",16.0,DDR4,32,1431
G.Skill Aegis 16 GB,37.99,3000,"2,8",16.0,DDR4,16,1432
Corsair Vengeance LPX 16 GB,129.99,3000,"2,8",15.0,DDR4,16,1433
Kingston Savage 16 GB,389.0,3000,"2,8",15.0,DDR4,16,1434
Crucial Ballistix 16 GB,106.35,3000,"2,8",15.0,DDR4,16,1435
Kingston HyperX Predator 16 GB,124.82,3000,"2,8",15.0,DDR4,16,1436
G.Skill Trident Z RGB 16 GB,55.99,3000,"2,8",16.0,DDR4,16,1437
Corsair Vengeance RGB Pro 16 GB,59.99,3000,"2,8",15.0,DDR4,16,1438
G.Skill Ripjaws 16 GB,50.33,3000,"2,8",16.0,DDR4,16,1439
GeIL Orion AMD Edition 16 GB,35.98,3000,"2,8",16.0,DDR4,16,1440
Patriot Viper 4 Blackout 16 GB,41.99,3000,"2,8",16.0,DDR4,16,1441
Corsair Vengeance LPX 16 GB,42.99,3000,"2,8",15.0,DDR4,16,1442
OLOy MD4U083016BGDA 16 GB,35.99,3000,"2,8",16.0,DDR4,16,1443
Corsair Vengeance RGB Pro 16 GB,69.98,3000,"2,8",16.0,DDR4,16,1444
G.Skill Ripjaws V 16 GB,222.0,3000,"2,8",15.0,DDR4,16,1445
OLOy MD4U083016BJDA 16 GB,36.99,3000,"2,8",16.0,DDR4,16,1446
G.Skill Ripjaws V 16 GB,48.56,3000,"2,8",16.0,DDR4,16,1447
GeIL SUPER LUCE RGB SYNC 16 GB,88.23,3000,"2,8",16.0,DDR4,16,1448
Corsair Dominator Platinum RGB 16 GB,149.99,3000,"2,8",15.0,DDR4,16,1449
Corsair Vengeance LPX 16 GB,44.99,3000,"2,8",16.0,DDR4,16,1450
Corsair Vengeance LPX 16 GB,52.25,3000,"2,8",16.0,DDR4,16,1451
G.Skill Trident Z Neo 16 GB,59.99,3000,"2,8",16.0,DDR4,16,1452
Patriot Viper Steel 16 GB,40.99,3000,"2,8",16.0,DDR4,16,1453
