Nombre,Precio,Capacidad (GB),Interfaz,Fabricante,Rank
WD Black SN850X,279.99,4000,M.2 PCIe 4.0 X4,WD,1
WD Black SN850X,144.99,2000,M.2 PCIe 4.0 X4,WD,2
Samsung 990 Pro,319.99,4000,M.2 PCIe 4.0 X4,Samsung,3
WD Black SN850,235.99,2000,M.2 PCIe 4.0 X4,WD,4
Samsung 990 Pro,176.47,2000,M.2 PCIe 4.0 X4,Samsung,5
Crucial P5 Plus,181.31,2000,M.2 PCIe 4.0 X4,Crucial,6
WD Black SN850X,84.99,1000,M.2 PCIe 4.0 X4,WD,7
Samsung 990 Pro,119.99,1000,M.2 PCIe 4.0 X4,Samsung,8
Samsung 980 Pro,166.99,2000,M.2 PCIe 4.0 X4,Samsung,9
WD Black SN850,99.99,1000,M.2 PCIe 4.0 X4,WD,10
Samsung 980 Pro,99.99,1000,M.2 PCIe 4.0 X4,Samsung,11
Crucial P5 Plus,123.95,1000,M.2 PCIe 4.0 X4,Crucial,12
Samsung 980 Pro,88.89,500,M.2 PCIe 4.0 X4,Samsung,13
Samsung 970 Evo Plus,149.99,2000,M.2 PCIe 3.0 X4,Samsung,14
Crucial P5 Plus,76.14,500,M.2 PCIe 4.0 X4,Crucial,15
Intel 670p,140.6,2000,M.2 PCIe 3.0 X4,Intel,16
Samsung 970 Evo Plus,89.99,1000,M.2 PCIe 3.0 X4,Samsung,17
WD Black SN770,49.99,250,M.2 PCIe 4.0 X4,WD,18
HP EX950,191.85,2000,M.2 PCIe 3.0 X4,HP,19
HP EX950,126.99,1000,M.2 PCIe 3.0 X4,HP,20
Samsung 980 Pro,129.99,250,M.2 PCIe 4.0 X4,Samsung,21
WD Black SN750,99.99,1000,M.2 PCIe 3.0 X4,WD,22
WD Black SN750,318.77,1000,M.2 PCIe 3.0 X4,WD,23
Samsung 970 Evo Plus,69.69,500,M.2 PCIe 3.0 X4,Samsung,24
WD Black SN750,298.64,2000,M.2 PCIe 3.0 X4,WD,25
WD Black SN750,499.99,2000,M.2 PCIe 3.0 X4,WD,26
Seagate FireCuda 510,325.55,2000,M.2 PCIe 3.0 X4,Seagate,27
Intel 670p,65.56,1000,M.2 PCIe 3.0 X4,Intel,28
Samsung 980,84.8,1000,M.2 PCIe 3.0 X4,Samsung,29
Sabrent Rocket,396.96,4000,M.2 PCIe 3.0 X4,Sabrent,30
WD Black SN750,74.9,500,M.2 PCIe 3.0 X4,WD,31
WD Black SN750,49.99,500,M.2 PCIe 3.0 X4,WD,32
Samsung 970 Evo Plus,64.98,250,M.2 PCIe 3.0 X4,Samsung,33
Seagate FireCuda 510,149.99,1000,M.2 PCIe 3.0 X4,Seagate,34
WD Blue SN550,149.99,1000,M.2 PCIe 3.0 X4,WD,35
Samsung 980,64.99,500,M.2 PCIe 3.0 X4,Samsung,36
WD Black SN750 SE,69.98,500,M.2 PCIe 4.0 X4,WD,37
Sabrent Rocket,176.92,1000,M.2 PCIe 3.0 X4,Sabrent,38
Intel 660p,333.79,2000,M.2 PCIe 3.0 X4,Intel,39
WD Blue SN550,92.98,500,M.2 PCIe 3.0 X4,WD,40
WD Blue SN550,69.99,500,M.2 PCIe 3.0 X4,WD,41
WD Black SN750,59.0,250,M.2 PCIe 3.0 X4,WD,42
Intel 660p,74.95,1000,M.2 PCIe 3.0 X4,Intel,43
Samsung 980,59.99,250,M.2 PCIe 3.0 X4,Samsung,44
WD Black SN750 SE,59.0,250,M.2 PCIe 4.0 X4,WD,45
WD Blue SN500,88.0,500,M.2 PCIe 3.0 X2,WD,46
WD Blue SN550,37.5,250,M.2 PCIe 3.0 X4,WD,47
WD Blue SN500,88.98,250,M.2 PCIe 3.0 X2,WD,48
